eventID,year,month,day,hour,minute,second,longitude,latitude,depth,magnitude,sigmaMagnitude
1,2007,1,5,3,19,0,-731150,66760,152,2.8,2.8
2,2007,1,7,18,20,0,-731490,67350,164,2.2,2.2
3,2007,1,7,21,11,0,-732190,67760,149,2.6,2.6
4,2007,1,10,23,13,0,-731100,67380,171,2.4,2.4
5,2007,1,11,2,51,0,-731170,67240,158,2,2
6,2007,2,7,5,47,0,-730720,68950,166,2.2,2.2
7,2007,3,4,21,12,0,-731570,68530,145,2.4,2.4
8,2007,3,11,4,56,0,-732540,67870,163,2.4,2.4
9,2007,4,1,2,24,0,-730930,69210,147,2.4,2.4
10,2007,4,1,9,24,0,-732080,67630,141,2.5,2.5
11,2007,4,2,22,36,0,-729530,69180,161,2.6,2.6
12,2007,4,3,16,34,0,-732460,66780,150,2.5,2.5
13,2007,4,16,5,5,0,-730650,67370,167,2.4,2.4
14,2007,4,21,7,14,0,-732160,67370,157,2.4,2.4
15,2008,2,1,9,51,0,-731100,69170,175,2.4,2.4
16,2008,2,6,8,31,0,-730620,66920,157,2.3,2.3
17,2008,2,24,14,47,0,-730270,68900,164,3.2,3.2
18,2008,4,6,19,43,0,-731210,68530,174,2.8,2.8
19,2008,4,14,7,5,0,-731050,66980,163,3.2,3.2
20,2008,4,26,22,47,0,-731150,67250,168,2.3,2.3
21,2007,5,4,20,59,0,-732290,68470,168,3.1,3.1
22,2007,5,5,16,31,0,-729910,67410,166,2.3,2.3
23,2007,5,18,8,37,0,-730560,68790,164,2.3,2.3
24,2007,5,20,5,27,0,-732170,67700,174,2.2,2.2
25,2007,7,10,3,38,0,-729520,66840,183,2.3,2.3
26,2007,7,27,7,38,0,-732130,69000,162,2.5,2.5
27,2007,7,30,5,34,0,-730290,67780,160,2.5,2.5
28,2007,8,4,4,0,0,-731310,67840,170,2.3,2.3
29,2007,8,27,13,0,0,-731390,68620,168,2.4,2.4
30,2007,9,5,19,10,0,-730460,66800,141,2.3,2.3
31,2007,9,5,1,2,0,-730880,67680,167,3,3
32,2007,9,10,5,51,0,-731500,68240,165,3.1,3.1
33,2007,10,19,0,38,0,-730290,68360,159,2.4,2.4
34,2007,10,21,4,56,0,-731610,68240,164,2.8,2.8
35,2007,10,28,10,17,0,-730780,68990,169,2.9,2.9
36,2007,11,8,13,52,0,-731110,68810,153,2.5,2.5
37,2007,11,17,0,35,0,-731080,68310,171,3,3
38,2007,12,15,7,32,0,-732590,67880,179,2.3,2.3
39,2008,1,1,11,0,0,-730610,68980,166,2.4,2.4
40,2008,1,28,8,31,0,-731540,68760,170,2.9,2.9
41,2008,5,6,20,37,0,-731240,67890,167,2.5,2.5
42,2008,5,8,6,9,0,-732140,67030,165,3.1,3.1
43,2008,5,8,14,27,0,-731240,67840,179,2.4,2.4
44,2008,5,16,6,8,0,-731330,67400,166,2.9,2.9
45,2008,3,21,16,42,0,-731140,67250,164,2.6,2.6
46,2008,3,21,17,16,0,-731240,67490,160,2.6,2.6
47,2008,3,21,20,47,0,-731310,67150,168,3,3
48,2008,3,22,13,58,0,-729870,68650,164,2.8,2.8
49,2008,6,12,17,35,0,-731590,67630,163,2.9,2.9
50,2008,6,13,8,8,0,-732240,68010,186,2.4,2.4
51,2008,6,16,20,11,0,-731850,66700,158,2.4,2.4
52,2008,7,19,19,59,0,-731180,69090,172,3.2,3.2
53,2008,7,20,21,52,0,-731890,67980,167,3,3
54,2008,7,21,7,43,0,-731480,67630,163,3.1,3.1
55,2008,7,22,3,14,0,-731630,66900,169,2.9,2.9
56,2008,7,23,14,3,0,-730570,67840,174,2.8,2.8
57,2008,7,24,2,34,0,-730160,69090,163,3.8,3.8
58,2008,7,25,1,50,0,-731230,67540,169,3.2,3.2
59,2008,7,27,17,40,0,-731490,69090,177,2.9,2.9
60,2008,8,4,16,28,0,-731640,67900,168,3.2,3.2
61,2008,8,5,4,4,0,-730650,67400,176,3.6,3.6
62,2008,8,11,15,9,0,-731570,69310,170,3,3
63,2008,8,13,15,10,0,-731590,68160,168,2.5,2.5
64,2008,8,21,13,10,0,-732050,67670,178,2.4,2.4
65,2008,8,24,14,13,0,-730360,67920,169,2.8,2.8
66,2008,8,28,2,22,0,-731750,67610,156,2.4,2.4
67,2008,8,31,2,54,0,-730230,68200,173,2.3,2.3
68,2008,9,5,12,39,0,-731580,66890,137,2.5,2.5
69,2008,9,8,10,38,0,-730860,67100,174,3.2,3.2
70,2008,9,12,16,12,0,-731040,67490,175,3.4,3.4
71,2008,9,12,17,14,0,-731130,68060,163,2.6,2.6
72,2008,9,16,7,56,0,-730850,66500,170,2.8,2.8
73,2008,9,16,7,58,0,-730790,66990,159,2.3,2.3
74,2008,9,18,7,38,0,-731830,67340,160,2.4,2.4
75,2008,9,20,21,33,0,-731470,67120,162,3.1,3.1
76,2008,10,25,2,9,0,-731750,67920,159,2.4,2.4
77,2008,11,25,14,58,0,-731850,67600,179,3.1,3.1
78,2008,12,3,12,28,0,-730960,68250,168,2.5,2.5
79,2008,12,7,1,20,0,-731880,67440,172,2.8,2.8
80,2008,12,14,9,16,0,-731270,67520,167,3,3
81,2008,12,19,1,40,0,-731590,67050,160,2.4,2.4
82,2008,12,23,8,34,0,-732070,67330,154,3,3
83,2008,12,24,19,48,0,-730490,68520,170,2.4,2.4
84,2008,12,26,6,22,0,-731230,68560,168,2.5,2.5
85,2008,12,27,17,31,0,-731500,67190,165,2.9,2.9
86,2008,12,28,16,32,0,-731220,67000,160,3,3
87,2009,1,7,5,56,0,-731540,69060,171,2.3,2.3
88,2009,1,17,7,36,0,-730910,67990,162,2.6,2.6
89,2009,1,18,18,46,0,-731590,68010,168,2.6,2.6
90,2009,1,22,1,25,0,-731700,68520,149,2.6,2.6
91,2009,1,25,5,6,0,-732210,67430,174,2.4,2.4
92,2009,2,6,0,40,0,-731660,66910,168,2.3,2.3
93,2009,3,5,10,37,0,-731430,68500,152,2.4,2.4
94,2009,3,30,21,13,0,-731630,68180,165,2.4,2.4
95,2009,5,3,0,35,0,-730510,69280,144,2.4,2.4
96,2009,5,3,8,53,0,-731790,67900,167,3.4,3.4
97,2009,5,3,16,22,0,-729610,68160,94,2.8,2.8
98,2009,5,5,14,41,0,-731040,69260,171,2.9,2.9
99,2009,7,18,10,36,0,-730900,69210,150,2.9,2.9
100,2009,7,24,2,41,0,-731670,68560,156,2.8,2.8
101,2009,7,29,20,0,0,-729740,67780,164,2.8,2.8
102,2009,8,14,8,24,0,-730080,68840,151,2.3,2.3
103,2009,8,26,7,52,0,-731170,68150,160,2.2,2.2
104,2009,8,28,4,30,0,-731560,68010,166,3.2,3.2
105,2009,8,30,5,58,0,-730340,68580,152,2.2,2.2
106,2009,8,30,6,29,0,-732310,66970,145,2.3,2.3
107,2009,8,30,6,40,0,-729970,69200,150,2.8,2.8
108,2009,9,12,22,21,0,-732040,68240,129,2.2,2.2
109,2009,9,14,10,49,0,-731150,67550,153,2.3,2.3
110,2009,9,15,1,1,0,-732240,67780,173,2.4,2.4
111,2009,10,15,6,7,0,-730770,67870,168,2.4,2.4
112,2009,10,16,11,54,0,-730340,67600,147,2.8,2.8
113,2009,10,19,10,8,0,-729840,67810,153,2.4,2.4
114,2009,11,6,0,41,0,-729810,66910,178,2.4,2.4
115,2009,11,17,5,28,0,-730210,68090,154,2,2
116,2009,11,26,19,15,0,-729540,68830,143,2.5,2.5
117,2009,11,26,21,16,0,-732310,67860,7,2.3,2.3
118,2009,12,3,7,49,0,-731030,68760,165,2.5,2.5
119,2009,12,27,21,25,0,-731320,68030,151,2.3,2.3
120,2010,1,20,4,9,0,-730540,67450,153,2.4,2.4
121,2010,1,30,15,35,0,-730770,68190,174,2.3,2.3
122,2010,2,7,3,31,0,-730980,69270,173,2.6,2.6
123,2010,2,8,7,10,0,-730970,68030,168,2.2,2.2
124,2010,2,11,5,58,0,-730740,68020,166,2.4,2.4
125,2010,2,23,13,25,0,-730830,66510,144,2.6,2.6
126,2010,2,28,14,58,0,-732070,69200,165,2.4,2.4
127,2010,3,1,0,48,0,-729710,68010,168,2.4,2.4
128,2010,3,7,23,14,0,-732000,67320,165,2.2,2.2
129,2010,3,12,3,43,0,-729730,66930,164,2.3,2.3
130,2010,3,15,10,16,0,-731250,66670,165,2.4,2.4
131,2010,3,17,5,24,0,-731060,67620,168,2.4,2.4
132,2010,3,19,2,14,0,-731140,68290,165,2.4,2.4
133,2010,3,27,0,49,0,-731180,67600,162,2.4,2.4
134,2010,4,4,1,53,0,-731620,68020,167,2.2,2.2
135,2010,4,5,4,31,0,-730920,67620,168,2.4,2.4
136,2010,4,6,10,46,0,-731810,66970,170,2,2
137,2010,4,6,10,42,0,-730680,66740,162,2.3,2.3
138,2010,4,10,1,54,0,-731510,67860,170,2.4,2.4
139,2010,4,15,1,32,0,-731120,67010,157,2.3,2.3
140,2010,4,15,0,32,0,-732190,68760,165,2.2,2.2
141,2010,4,17,7,46,0,-731690,68030,165,2.2,2.2
142,2010,4,17,7,43,0,-730400,67620,163,2.3,2.3
143,2010,4,19,8,7,0,-730750,68990,162,2,2
144,2010,4,22,7,10,0,-732500,67520,1,2.3,2.3
145,2010,7,22,4,38,0,-730870,68200,160,2.3,2.3
146,2010,7,25,9,10,0,-730710,67270,165,2.3,2.3
147,2010,7,30,17,54,0,-731190,67010,166,2.4,2.4
148,2010,8,3,0,55,0,-731510,68600,159,2.2,2.2
149,2010,8,3,2,44,0,-730350,66750,159,2.4,2.4
150,2010,8,3,11,9,0,-731870,67890,162,2.4,2.4
151,2010,8,13,12,52,0,-731540,67560,166,2.4,2.4
152,2010,8,19,5,24,0,-730620,67800,155,2.4,2.4
153,2010,8,20,22,39,0,-731400,68530,164,2.2,2.2
154,2010,8,25,13,34,0,-731170,68180,165,2.4,2.4
155,2010,5,11,5,55,0,-730820,66940,171,2.3,2.3
156,2010,5,13,15,6,0,-731030,67260,161,3.2,3.2
157,2010,5,14,9,52,0,-731970,67130,172,2.6,2.6
158,2010,5,26,19,22,0,-731730,68170,146,2.4,2.4
159,2010,5,27,10,17,0,-730430,67250,167,2.3,2.3
160,2010,5,28,1,36,0,-730080,67660,177,3.1,3.1
161,2010,5,29,14,13,0,-731260,69270,175,2.4,2.4
162,2010,5,30,11,5,0,-731090,66650,161,2.4,2.4
163,2010,5,31,4,3,0,-731180,67290,152,2.4,2.4
164,2010,6,3,5,17,0,-730120,68320,158,2.4,2.4
165,2010,6,10,13,2,0,-730260,67970,153,2.3,2.3
166,2010,6,11,16,16,0,-732280,67110,163,2,2
167,2010,6,14,9,54,0,-731600,67820,174,2.4,2.4
168,2010,6,15,9,8,0,-731660,67540,174,2.4,2.4
169,2010,6,16,1,27,0,-731660,67780,166,2.3,2.3
170,2010,6,21,2,51,0,-731280,68190,163,2.2,2.2
171,2010,6,27,7,30,0,-731760,68860,164,2.3,2.3
172,2010,6,28,17,36,0,-729850,68180,167,2.4,2.4
173,2010,6,29,23,1,0,-731780,66990,164,2.3,2.3
174,2010,7,1,14,50,0,-731330,67820,163,2.4,2.4
175,2010,7,5,6,58,0,-732300,67300,169,2.4,2.4
176,2010,7,9,8,8,0,-731320,67060,146,2.3,2.3
177,2010,7,15,11,17,0,-731130,67780,170,1.9,1.9
178,2010,7,18,10,40,0,-730920,69030,165,2.4,2.4
179,2010,7,19,11,28,0,-730750,67750,164,2.4,2.4
180,2010,9,1,13,26,0,-730460,69370,149,2.4,2.4
181,2010,12,31,12,19,0,-731710,67100,170,3.4,3.4
182,2010,10,6,12,11,0,-731430,67070,140,2.4,2.4
183,2010,10,11,4,41,0,-731570,68820,150,2.2,2.2
184,2010,10,12,6,26,0,-730750,68590,165,2.4,2.4
185,2010,10,19,21,36,0,-729710,67900,154,2.4,2.4
186,2010,10,20,18,41,0,-729950,68760,169,2.3,2.3
187,2010,10,22,5,46,0,-731150,68720,166,2.4,2.4
188,2010,10,30,18,29,0,-731680,68220,163,2.4,2.4
189,2010,10,31,1,49,0,-731450,67200,164,2.4,2.4
190,2010,11,2,4,37,0,-730940,69080,157,3.1,3.1
191,2010,11,11,17,42,0,-731670,69050,179,2.3,2.3
192,2010,11,12,10,16,0,-731980,69250,173,2.2,2.2
193,2010,11,15,8,44,0,-730200,67740,154,2.3,2.3
194,2010,11,18,1,43,0,-731220,68890,169,2.3,2.3
195,2010,11,21,18,53,0,-730630,67970,155,2.3,2.3
196,2010,11,24,4,59,0,-731160,68460,166,2.4,2.4
197,2010,12,20,18,39,0,-731430,68740,177,2.4,2.4
198,2010,12,22,15,17,0,-731390,68370,149,2.3,2.3
199,2011,1,10,15,56,0,-732380,67770,164,2.8,2.8
200,2011,4,11,7,51,0,-729980,66580,161,2.5,2.5
201,2011,4,30,10,57,0,-732180,68810,170,2,2
202,2011,8,30,3,9,0,-730840,67810,166,2.4,2.4
203,2011,6,1,17,50,0,-731090,67990,168,2.5,2.5
204,2011,6,2,3,35,0,-730910,68010,164,2.3,2.3
205,2011,6,6,6,1,0,-731090,68250,163,2.8,2.8
206,2011,6,9,7,3,0,-731570,68380,164,2.4,2.4
207,2011,6,9,11,38,0,-731830,67240,153,3,3
208,2011,6,11,14,15,0,-731180,68760,175,2.4,2.4
209,2011,6,11,20,15,0,-729790,67750,175,2.4,2.4
210,2011,6,15,16,16,0,-731230,67800,170,2.4,2.4
211,2011,6,16,7,22,0,-731020,67730,164,3,3
212,2011,6,16,9,8,0,-731250,69260,168,2.2,2.2
213,2011,6,16,11,9,0,-731330,66530,170,2.9,2.9
214,2011,6,17,10,55,0,-731820,69130,180,2.4,2.4
215,2011,6,17,14,11,0,-731350,67110,167,3,3
216,2011,6,18,2,24,0,-730760,68840,171,2.5,2.5
217,2011,6,18,7,8,0,-730850,67960,163,2.4,2.4
218,2011,6,19,6,57,0,-731750,67790,167,2,2
219,2011,6,20,4,10,0,-730960,67610,168,3.2,3.2
220,2011,6,20,19,12,0,-731130,67690,161,3,3
221,2011,6,21,6,34,0,-731340,68130,171,2.6,2.6
222,2011,6,21,15,5,0,-730720,68410,172,2.9,2.9
223,2011,6,22,0,44,0,-731160,67570,175,2.2,2.2
224,2011,6,25,1,37,0,-731350,68060,167,3,3
225,2011,6,26,11,16,0,-732230,66610,159,2.4,2.4
226,2011,6,26,16,0,0,-730430,68700,160,3,3
227,2011,6,26,20,26,0,-731220,67850,168,2.6,2.6
228,2011,6,26,23,55,0,-731500,67790,177,2.4,2.4
229,2011,6,28,0,24,0,-730360,68800,171,2.3,2.3
230,2011,6,28,2,20,0,-730840,67380,162,3.2,3.2
231,2011,6,28,2,25,0,-731200,67930,170,3.4,3.4
232,2011,6,29,2,30,0,-731770,66920,153,2,2
233,2011,6,29,23,59,0,-731280,68030,161,2.5,2.5
234,2011,6,30,18,13,0,-731890,67750,162,2.8,2.8
235,2011,6,8,19,14,0,-729790,68680,175,2.5,2.5
236,2011,8,16,7,44,0,-731650,67990,154,2.5,2.5
237,2011,8,28,7,54,0,-731240,68790,178,2.5,2.5
238,2011,9,13,3,5,0,-731120,67790,167,2.8,2.8
239,2012,12,8,1,49,0,-731360,67990,146,3,3
240,2012,12,8,11,11,0,-731420,68220,141,3.1,3.1
241,2012,12,8,15,35,0,-731280,68240,147,3.3,3.3
242,2012,12,9,2,59,0,-731610,68200,138,3.2,3.2
243,2012,12,10,22,18,0,-731170,68280,144,3.5,3.5
244,2012,12,10,22,43,0,-731350,67980,143,3.1,3.1
245,2012,12,11,16,5,0,-731400,68080,147,3.1,3.1
246,2012,12,12,12,45,0,-731310,67900,143,3,3
247,2012,12,12,18,43,0,-731660,68040,143,3.2,3.2
248,2012,12,12,19,26,0,-731440,68110,142,3.1,3.1
249,2012,12,13,6,21,0,-731370,67850,146,2.7,2.7
250,2012,12,16,16,46,0,-731270,67880,141,3.2,3.2
251,2012,12,17,22,21,0,-731280,68140,146,3,3
252,2012,12,17,22,44,0,-731350,68200,145,3.1,3.1
253,2012,12,17,22,53,0,-732000,68580,145,2.5,2.5
254,2012,12,19,2,40,0,-731660,68170,141,3.7,3.7
255,2012,12,20,20,58,0,-731350,68370,147,3.5,3.5
256,2012,12,21,20,47,0,-731350,68060,145,3.1,3.1
257,2012,12,21,23,59,0,-731460,67990,147,3.2,3.2
258,2012,12,22,20,24,0,-731300,68330,150,3.5,3.5
259,2012,12,22,21,40,0,-731540,68310,145,3,3
260,2012,12,22,22,21,0,-731180,68240,146,3.3,3.3
261,2012,12,24,6,37,0,-731290,68250,148,3.1,3.1
262,2012,12,25,23,17,0,-731240,68100,149,3,3
263,2012,12,29,2,49,0,-731340,68020,148,3.1,3.1
264,2012,12,29,7,0,0,-729540,68940,186,3.3,3.3
265,2012,12,30,10,21,0,-731360,67770,148,3.1,3.1
266,2012,3,26,3,20,0,-731410,67990,148,3.6,3.6
267,2012,4,4,4,38,0,-731560,67920,144,3.2,3.2
268,2012,4,8,6,24,0,-731300,67750,146,3.2,3.2
269,2012,4,10,18,46,0,-731710,68200,141,3.8,3.8
270,2012,5,1,16,6,0,-731200,67950,151,3.7,3.7
271,2012,5,8,5,54,0,-731460,67920,150,3.2,3.2
272,2012,5,9,0,26,0,-731750,67700,136,3.1,3.1
273,2012,5,12,17,52,0,-731100,68070,150,3.3,3.3
274,2012,5,17,7,24,0,-731530,67920,139,3.1,3.1
275,2012,5,19,19,58,0,-731650,68060,141,3,3
276,2012,6,8,11,41,0,-731310,68320,144,3.9,3.9
277,2012,6,15,0,26,0,-731570,68020,146,3,3
278,2012,6,16,6,8,0,-731320,68340,146,3.3,3.3
279,2012,6,16,20,0,0,-731410,68070,140,3.1,3.1
280,2012,6,24,10,55,0,-731000,68100,145,3.1,3.1
281,2012,7,5,20,26,0,-731660,68150,144,4,4
282,2012,7,8,22,21,0,-731450,68080,148,3.7,3.7
283,2012,7,9,22,27,0,-731600,68170,138,3.8,3.8
284,2012,7,16,18,6,0,-731660,68030,145,3.1,3.1
285,2012,7,17,0,58,0,-731490,68110,142,3.1,3.1
286,2012,7,19,0,44,0,-731520,68060,146,3.8,3.8
287,2012,7,20,4,9,0,-731500,67910,146,3.1,3.1
288,2012,7,21,20,45,0,-731460,68000,142,3.1,3.1
289,2012,7,22,10,31,0,-731230,68200,144,3.1,3.1
290,2012,7,23,6,23,0,-731670,68440,145,3.2,3.2
291,2012,7,27,3,50,0,-731650,68410,141,3.3,3.3
292,2012,7,28,15,24,0,-731560,68030,139,3.2,3.2
293,2012,7,30,2,24,0,-731640,68180,136,3.1,3.1
294,2012,8,3,5,7,0,-731330,68310,149,3.2,3.2
295,2012,8,3,18,37,0,-731450,68240,150,3.7,3.7
296,2012,8,3,22,55,0,-731270,68000,151,3.2,3.2
297,2012,8,4,18,30,0,-731640,68370,142,3.5,3.5
298,2012,8,4,23,7,0,-731590,68360,142,3.5,3.5
299,2012,8,5,12,33,0,-731640,68150,144,3.4,3.4
300,2012,8,5,16,40,0,-731520,67960,147,3.6,3.6
301,2012,8,6,21,52,0,-731640,68050,143,3.3,3.3
302,2012,8,8,6,20,0,-731440,67660,145,3.2,3.2
303,2012,8,9,13,57,0,-731470,67870,140,3.1,3.1
304,2012,8,10,21,57,0,-731510,67930,146,3.2,3.2
305,2012,8,10,22,35,0,-731500,68120,147,4,4
306,2012,8,11,18,18,0,-731570,68020,145,2.8,2.8
307,2012,8,13,3,30,0,-731250,68220,143,3.4,3.4
308,2012,8,13,21,49,0,-731640,67680,140,3.2,3.2
309,2012,8,15,23,11,0,-731610,67990,146,3.2,3.2
310,2012,8,17,5,32,0,-731590,68230,144,3.4,3.4
311,2012,8,19,15,59,0,-731390,67900,148,3.1,3.1
312,2012,8,20,3,19,0,-731740,68060,145,3.4,3.4
313,2012,8,23,14,47,0,-731690,68060,140,3.1,3.1
314,2012,8,23,15,44,0,-731650,67960,147,3.2,3.2
315,2012,8,24,3,27,0,-731530,68110,144,3.8,3.8
316,2012,8,24,5,40,0,-731460,68140,144,3.3,3.3
317,2012,8,25,21,22,0,-731470,68250,147,3.5,3.5
318,2012,8,25,21,40,0,-731520,68190,146,3.5,3.5
319,2012,8,26,8,0,0,-731470,68210,144,3.5,3.5
320,2012,8,27,8,55,0,-731490,67930,148,3.6,3.6
321,2012,8,29,0,45,0,-731490,67910,146,3.3,3.3
322,2012,9,1,2,59,0,-731450,67900,147,3,3
323,2012,9,3,10,17,0,-731730,67970,143,3.5,3.5
324,2012,9,3,17,54,0,-731380,67760,144,3.2,3.2
325,2012,9,5,10,53,0,-731290,68020,147,3.6,3.6
326,2012,9,6,16,15,0,-731450,67890,141,3.4,3.4
327,2012,9,6,22,32,0,-731490,67980,140,2.9,2.9
328,2012,9,7,11,3,0,-731530,67830,140,3.9,3.9
329,2012,9,8,12,35,0,-731310,67750,147,3,3
330,2012,9,13,18,4,0,-731470,67960,148,3.2,3.2
331,2012,9,14,9,59,0,-731610,68020,148,3.1,3.1
332,2012,9,16,6,11,0,-731390,67430,141,3.1,3.1
333,2012,9,16,8,46,0,-731620,67690,143,3.3,3.3
334,2012,9,16,12,11,0,-731470,67850,146,3.3,3.3
335,2012,9,22,9,17,0,-731410,67850,140,3.3,3.3
336,2012,9,23,7,12,0,-731310,67910,147,3.3,3.3
337,2012,9,23,20,4,0,-731600,68340,142,3.4,3.4
338,2012,9,26,6,44,0,-731320,68050,147,3.1,3.1
339,2012,9,27,6,10,0,-731490,67450,146,2.9,2.9
340,2012,9,27,17,31,0,-730560,67710,142,3.2,3.2
341,2012,9,29,7,59,0,-731380,68170,145,3.4,3.4
342,2012,9,29,11,18,0,-731580,67250,146,3,3
343,2012,9,30,0,1,0,-731440,68200,148,3.7,3.7
344,2012,10,1,23,58,0,-731370,67850,147,3,3
345,2012,10,3,11,2,0,-731140,67790,145,2.7,2.7
346,2012,10,4,14,6,0,-731170,68050,148,3.3,3.3
347,2012,10,5,6,28,0,-731260,68060,144,3.2,3.2
348,2012,10,8,10,17,0,-731190,68100,148,3.4,3.4
349,2012,10,9,10,1,0,-731650,67830,145,2.8,2.8
350,2012,10,9,14,27,0,-731050,67860,147,3,3
351,2012,10,9,14,28,0,-731220,67800,144,2.7,2.7
352,2012,10,9,14,42,0,-731350,68010,149,3.8,3.8
353,2012,10,10,23,34,0,-731450,67870,145,3.4,3.4
354,2012,10,11,5,16,0,-731460,67910,147,3.5,3.5
355,2012,10,12,23,29,0,-731360,67900,140,3,3
356,2012,10,13,11,33,0,-731260,67740,145,3.2,3.2
357,2012,10,13,16,13,0,-731280,67830,140,3.1,3.1
358,2012,10,13,18,23,0,-731180,67790,143,3,3
359,2012,10,13,23,9,0,-731320,68020,147,3.4,3.4
360,2012,10,14,4,50,0,-731490,67890,150,3.1,3.1
361,2012,10,14,5,49,0,-731510,68300,142,3.4,3.4
362,2012,10,18,23,38,0,-731310,67990,141,3.6,3.6
363,2012,10,19,1,11,0,-731070,67930,141,2.9,2.9
364,2012,10,19,21,41,0,-731390,68000,146,3.5,3.5
365,2012,10,20,2,20,0,-731390,67900,142,2.9,2.9
366,2012,10,20,5,25,0,-731480,68180,144,3.1,3.1
367,2012,10,21,21,20,0,-731280,68440,140,3.4,3.4
368,2012,10,24,22,53,0,-731460,68190,143,3.2,3.2
369,2012,10,25,22,25,0,-731460,68080,148,3.3,3.3
370,2012,10,26,0,0,0,-731140,68070,145,3.2,3.2
371,2012,10,26,6,31,0,-731240,67990,145,3.1,3.1
372,2012,10,27,8,3,0,-731350,68050,148,3.4,3.4
373,2012,10,27,22,59,0,-731180,68150,143,3.1,3.1
374,2012,10,28,8,28,0,-731280,68280,144,3.4,3.4
375,2012,10,29,15,15,0,-731230,68020,146,3.4,3.4
376,2012,10,30,0,55,0,-731080,67860,144,3.1,3.1
377,2012,10,30,3,9,0,-731330,68010,148,3.3,3.3
378,2012,10,30,3,30,0,-731280,67940,140,3.1,3.1
379,2012,11,1,1,10,0,-731440,68130,141,3,3
380,2012,11,1,4,3,0,-731150,67940,146,3.2,3.2
381,2012,11,3,2,32,0,-731160,68080,147,3.3,3.3
382,2012,11,5,1,54,0,-731210,67850,146,3.1,3.1
383,2012,11,5,3,28,0,-731480,68040,145,3.3,3.3
384,2012,11,5,3,33,0,-731430,68120,144,3.3,3.3
385,2012,11,5,5,45,0,-731260,68030,147,2.7,2.7
386,2012,11,5,6,7,0,-731320,67870,140,2.6,2.6
387,2012,11,5,8,5,0,-731210,68130,137,2.7,2.7
388,2012,11,5,9,58,0,-731450,68020,144,3.2,3.2
389,2012,11,5,13,58,0,-731250,67920,144,3.2,3.2
390,2012,11,6,13,21,0,-730900,68090,151,3.4,3.4
391,2012,11,7,1,21,0,-731110,69150,145,2.7,2.7
392,2012,11,7,8,38,0,-731690,68350,143,3.2,3.2
393,2012,11,8,0,4,0,-731320,68370,143,3,3
394,2012,11,8,1,49,0,-731530,67780,146,3,3
395,2012,11,8,2,3,0,-731630,68180,140,3.2,3.2
396,2012,11,8,3,10,0,-731730,68160,149,2.5,2.5
397,2012,11,8,16,32,0,-731430,67820,147,3.4,3.4
398,2012,11,10,3,27,0,-731600,68240,143,3.1,3.1
399,2012,11,12,12,42,0,-731520,68010,144,2.6,2.6
400,2012,11,13,1,53,0,-731350,67980,145,3.1,3.1
401,2012,11,13,11,14,0,-731150,67840,154,2.6,2.6
402,2012,11,14,10,6,0,-731620,67490,146,2.3,2.3
403,2012,11,14,10,53,0,-731410,68090,141,2.8,2.8
404,2012,11,14,11,17,0,-731370,67980,139,3.1,3.1
405,2012,11,14,13,34,0,-731530,67930,142,2.9,2.9
406,2012,11,14,13,36,0,-731450,68160,143,3.4,3.4
407,2012,11,14,14,12,0,-731420,68060,148,3.2,3.2
408,2012,11,14,17,30,0,-731500,68100,147,2.9,2.9
409,2012,11,14,20,55,0,-731610,68220,144,3.4,3.4
410,2012,11,15,15,23,0,-731780,67560,145,2.6,2.6
411,2012,11,15,17,59,0,-731580,68050,141,3,3
412,2012,11,16,10,33,0,-732140,68380,146,3,3
413,2012,11,16,18,33,0,-731400,68230,144,3.2,3.2
414,2012,11,17,10,18,0,-731270,68550,152,3.3,3.3
415,2012,11,17,11,38,0,-731650,68120,144,2.9,2.9
416,2012,11,18,10,2,0,-731030,67810,145,2.9,2.9
417,2012,11,18,11,10,0,-731390,68040,150,2.7,2.7
418,2012,11,18,18,41,0,-731380,67980,144,3.1,3.1
419,2012,11,19,21,5,0,-731100,67730,142,2.7,2.7
420,2012,11,20,20,41,0,-731580,68150,140,3.7,3.7
421,2012,11,21,20,14,0,-731740,68090,150,3,3
422,2012,11,21,23,50,0,-731690,68120,139,2.7,2.7
423,2012,11,22,9,15,0,-731590,68170,142,3.1,3.1
424,2012,11,23,0,27,0,-731470,68300,145,3.2,3.2
425,2012,11,23,21,58,0,-731770,67490,142,2.8,2.8
426,2012,11,24,22,37,0,-731610,68400,146,3.2,3.2
427,2012,11,25,22,33,0,-731770,68340,143,3.4,3.4
428,2012,11,29,0,30,0,-731780,68050,140,3.1,3.1
429,2012,11,29,0,38,0,-731620,68120,141,3.2,3.2
430,2012,11,30,5,27,0,-731580,68250,138,3.1,3.1
431,2012,12,1,2,28,0,-731140,68120,147,3,3
432,2012,12,4,7,56,0,-731510,68140,145,3.1,3.1
433,2012,12,4,19,23,0,-731390,67790,145,3.1,3.1
434,2012,12,4,22,32,0,-731700,68080,140,3.3,3.3
435,2012,12,5,14,0,0,-731460,68220,145,3.1,3.1
436,2012,12,6,13,9,0,-731810,68380,139,3.3,3.3
437,2013,1,1,2,48,0,-731530,68140,140,3.5,3.5
438,2013,1,1,3,20,0,-731320,67730,154,3,3
439,2013,1,1,4,20,0,-731070,67990,143,3.5,3.5
440,2013,1,1,4,47,0,-731100,68120,145,3.5,3.5
441,2013,1,2,0,21,0,-731670,68030,148,3,3
442,2013,1,2,4,6,0,-731660,67660,148,2.9,2.9
443,2013,1,2,9,25,0,-731290,68310,147,3.6,3.6
444,2013,1,3,1,12,0,-731560,68060,142,3,3
445,2013,1,3,7,40,0,-731680,67920,143,2.9,2.9
446,2013,1,3,17,49,0,-731070,68230,143,3.1,3.1
447,2013,1,4,18,8,0,-731210,68500,147,3,3
448,2013,1,5,2,40,0,-730810,68240,149,3.5,3.5
449,2013,1,5,4,55,0,-731280,68000,144,2.9,2.9
450,2013,1,5,5,42,0,-731830,68110,147,2.7,2.7
451,2013,1,5,14,54,0,-731460,68180,144,3,3
452,2013,1,6,0,24,0,-731340,68100,149,3,3
453,2013,1,6,3,19,0,-731300,68030,145,2.7,2.7
454,2013,1,6,5,23,0,-731480,68240,145,3.2,3.2
455,2013,1,7,0,7,0,-731200,68150,139,3.1,3.1
456,2013,1,7,1,50,0,-731490,68200,143,2.9,2.9
457,2013,1,7,6,25,0,-731290,67950,140,2.8,2.8
458,2013,1,7,8,58,0,-731360,67970,149,3.2,3.2
459,2013,1,7,13,19,0,-731390,67900,142,3.2,3.2
460,2013,1,7,14,16,0,-731240,67820,144,3.3,3.3
461,2013,1,8,8,33,0,-731030,68200,150,3.1,3.1
462,2013,1,8,10,3,0,-731990,67710,150,2.9,2.9
463,2013,1,8,11,41,0,-731850,68050,147,3,3
464,2013,1,8,15,56,0,-731490,68100,149,3,3
465,2013,1,9,13,49,0,-731280,67980,147,3,3
466,2013,1,10,10,4,0,-731460,68370,141,3.7,3.7
467,2013,1,10,11,23,0,-731350,68190,145,3,3
468,2013,1,10,15,25,0,-731620,67790,144,3,3
469,2013,1,12,10,12,0,-731440,68240,148,3.4,3.4
470,2013,1,12,13,39,0,-731560,68050,148,3.1,3.1
471,2013,1,12,18,41,0,-731500,67980,147,3.1,3.1
472,2013,1,12,18,44,0,-731410,67620,145,3,3
473,2013,1,13,10,26,0,-731430,68070,144,3,3
474,2013,1,13,10,31,0,-731680,67960,143,3.4,3.4
475,2013,1,13,11,22,0,-731380,68030,146,3.3,3.3
476,2013,1,14,12,34,0,-730380,68150,142,2.9,2.9
477,2013,1,14,23,56,0,-731340,67930,140,3.1,3.1
478,2013,1,15,4,17,0,-731540,68090,141,3.3,3.3
479,2013,1,15,21,5,0,-731120,68310,139,3.2,3.2
480,2013,1,17,15,36,0,-731180,68000,148,3.2,3.2
481,2013,1,17,20,39,0,-731360,67880,142,3.3,3.3
482,2013,1,21,4,9,0,-731650,67630,144,2.8,2.8
483,2013,1,21,6,52,0,-731330,68040,145,2.9,2.9
484,2013,1,21,7,54,0,-732800,68570,123,2.9,2.9
485,2013,1,21,8,4,0,-731570,67740,144,2.5,2.5
486,2013,1,21,19,22,0,-731350,68120,145,3.6,3.6
487,2013,1,22,1,13,0,-731490,68050,147,3.5,3.5
488,2013,1,22,2,42,0,-731380,67800,139,2.8,2.8
489,2013,1,22,4,39,0,-731630,67910,144,2.7,2.7
490,2013,1,22,5,36,0,-731380,68220,149,3.4,3.4
491,2013,1,22,6,10,0,-731530,68260,141,2.9,2.9
492,2013,1,23,0,44,0,-731370,67960,143,2.8,2.8
493,2013,1,23,1,44,0,-731380,67980,144,3.1,3.1
494,2013,1,23,5,35,0,-731440,68160,145,2.9,2.9
495,2013,1,23,5,36,0,-731410,68060,145,3,3
496,2013,1,23,18,13,0,-731420,67960,150,3.3,3.3
497,2013,1,23,21,48,0,-731380,68090,148,3.1,3.1
498,2013,1,24,2,45,0,-731760,67890,143,2.9,2.9
499,2013,1,25,10,29,0,-731280,67860,147,2.8,2.8
500,2013,1,25,18,1,0,-731570,67490,146,2.9,2.9
501,2013,1,25,20,47,0,-731610,68100,145,3.1,3.1
502,2013,1,26,1,45,0,-731320,67860,146,2.8,2.8
503,2013,1,26,3,33,0,-731620,67860,144,2.5,2.5
504,2013,1,26,6,9,0,-731400,68120,139,2.8,2.8
505,2013,1,27,5,7,0,-731380,68250,145,3.3,3.3
506,2013,1,27,5,58,0,-731620,68090,146,3,3
507,2013,1,27,6,55,0,-731610,68010,146,3,3
508,2013,1,28,6,28,0,-731540,67970,145,2.9,2.9
509,2013,1,28,7,38,0,-731520,67810,140,2.8,2.8
510,2013,1,28,19,42,0,-731420,67910,141,3.3,3.3
511,2013,1,29,1,37,0,-731600,67710,148,3,3
512,2013,1,29,14,58,0,-731520,68200,145,3.3,3.3
513,2013,1,30,16,42,0,-731600,67810,144,2.6,2.6
514,2013,1,31,17,10,0,-731550,67750,141,3.2,3.2
515,2013,2,1,12,17,0,-731610,68380,146,3.4,3.4
516,2013,2,1,16,26,0,-731520,68040,144,3,3
517,2013,2,1,18,49,0,-731480,67970,151,3.3,3.3
518,2013,2,1,21,34,0,-731540,67980,143,3.5,3.5
519,2013,2,2,1,26,0,-731550,68140,142,2.8,2.8
520,2013,2,2,4,56,0,-731510,67960,141,2.8,2.8
521,2013,2,2,5,53,0,-731350,68110,144,3.1,3.1
522,2013,2,2,7,23,0,-731320,68080,138,2.8,2.8
523,2013,2,2,9,47,0,-731490,67850,149,3,3
524,2013,2,3,10,23,0,-731610,68010,145,2.8,2.8
525,2013,2,3,13,32,0,-731260,67780,139,2.5,2.5
526,2013,2,3,16,32,0,-731370,68190,147,2.9,2.9
527,2013,2,4,23,2,0,-731510,68030,147,2.9,2.9
528,2013,2,5,21,25,0,-731870,68050,143,2.9,2.9
529,2013,2,6,23,23,0,-731280,67740,151,2.8,2.8
530,2013,2,11,6,23,0,-730920,68460,148,3.1,3.1
531,2013,2,13,16,23,0,-731280,68130,145,3.3,3.3
532,2013,2,13,17,12,0,-731340,68060,145,3.3,3.3
533,2013,2,14,9,57,0,-730970,68350,148,2.9,2.9
534,2013,2,16,14,15,0,-731100,67940,146,3.4,3.4
535,2013,2,16,19,19,0,-731340,67920,148,3.1,3.1
536,2013,2,19,18,14,0,-731500,68500,142,3.5,3.5
537,2013,2,19,19,55,0,-731320,68150,144,3.2,3.2
538,2013,2,21,11,31,0,-731160,68220,149,3.2,3.2
539,2013,2,22,5,37,0,-731510,68240,146,3.3,3.3
540,2013,2,23,16,35,0,-731800,68470,141,3.3,3.3
541,2013,2,24,8,46,0,-731770,68050,149,3.2,3.2
542,2013,2,24,12,38,0,-731410,68330,146,3.2,3.2
543,2013,2,25,0,33,0,-731630,67790,148,2.8,2.8
544,2013,2,25,1,3,0,-731450,67830,148,2.7,2.7
545,2013,2,25,19,58,0,-731320,68130,147,3.4,3.4
546,2013,2,26,3,27,0,-731740,68210,140,3,3
547,2013,2,26,5,6,0,-731530,67640,145,2.7,2.7
548,2013,2,27,2,44,0,-731540,67820,147,2.7,2.7
549,2013,2,27,2,45,0,-730900,68360,152,3.6,3.6
550,2013,2,27,3,58,0,-731590,68090,145,2.8,2.8
551,2013,2,27,9,37,0,-731510,68160,142,2.7,2.7
552,2013,2,27,10,21,0,-731540,67910,150,3.5,3.5
553,2013,2,28,12,59,0,-731560,67920,144,2.8,2.8
554,2013,2,28,14,50,0,-731360,68100,144,3.1,3.1
555,2013,2,28,17,31,0,-731430,68370,142,3.3,3.3
556,2013,3,1,0,7,0,-731510,68160,142,3.2,3.2
557,2013,3,1,3,20,0,-731520,68260,142,3,3
558,2013,3,1,5,51,0,-731490,68180,146,2.9,2.9
559,2013,3,3,1,42,0,-731590,68230,142,3.1,3.1
560,2013,3,3,12,22,0,-731470,68260,145,3.2,3.2
561,2013,3,4,22,59,0,-731520,68220,143,3.5,3.5
562,2013,3,5,11,3,0,-731280,68010,146,3.3,3.3
563,2013,3,5,13,15,0,-731480,68060,147,3,3
564,2013,3,6,18,44,0,-731450,68190,148,3.2,3.2
565,2013,3,7,18,56,0,-731280,68100,142,3.4,3.4
566,2013,3,7,19,16,0,-731150,68230,144,3.5,3.5
567,2013,3,9,0,33,0,-731490,68710,142,3.2,3.2
568,2013,3,9,6,10,0,-731250,68130,148,3.3,3.3
569,2013,3,11,19,59,0,-731260,68380,146,3.4,3.4
570,2013,3,16,1,29,0,-731450,68160,148,3.3,3.3
571,2013,3,16,4,12,0,-731530,68100,142,2.9,2.9
572,2013,3,16,7,4,0,-731190,67950,146,3.1,3.1
573,2013,3,19,17,17,0,-731560,68010,147,3.7,3.7
574,2013,3,20,10,12,0,-731540,68040,146,3.1,3.1
575,2013,3,21,0,19,0,-731520,68410,144,3.1,3.1
576,2013,3,21,7,55,0,-731330,67920,139,2.9,2.9
577,2013,3,23,18,49,0,-731450,68400,147,3.8,3.8
578,2013,3,23,19,30,0,-731530,68180,138,3,3
579,2013,3,23,19,56,0,-731480,68140,146,3.5,3.5
580,2013,3,26,15,53,0,-731510,67920,149,3.4,3.4
581,2013,3,27,16,11,0,-731440,67970,148,3.2,3.2
582,2013,3,28,3,23,0,-731440,68100,149,3.2,3.2
583,2013,3,30,10,26,0,-731470,68070,145,3.3,3.3
584,2013,3,30,13,39,0,-731610,67600,154,3.1,3.1
585,2013,3,31,23,5,0,-731310,68040,146,3.5,3.5
586,2013,5,2,12,8,0,-731510,68170,146,3.5,3.5
587,2013,5,3,20,1,0,-731850,67930,136,2.3,2.3
588,2013,5,3,20,35,0,-731480,67970,148,2.5,2.5
589,2013,5,4,14,21,0,-731610,68070,144,3.2,3.2
590,2013,5,6,21,16,0,-731700,68180,145,3,3
591,2013,5,7,22,36,0,-731330,67980,146,3.1,3.1
592,2013,5,11,14,40,0,-731690,68210,149,3.6,3.6
593,2013,5,12,22,26,0,-731390,67880,148,3.5,3.5
594,2013,5,16,7,37,0,-731410,67910,144,3,3
595,2013,5,16,10,19,0,-731720,68000,146,2.7,2.7
596,2013,5,16,15,58,0,-731640,68050,144,3.3,3.3
597,2013,5,18,1,48,0,-731500,68160,148,3.3,3.3
598,2013,5,19,0,14,0,-731450,68190,147,3.3,3.3
599,2013,5,19,19,2,0,-731300,68040,146,3.4,3.4
600,2013,5,19,20,1,0,-731430,68190,154,3.5,3.5
601,2013,5,20,4,29,0,-731400,68260,146,3.1,3.1
602,2013,5,20,4,53,0,-731260,68210,147,3.1,3.1
603,2013,5,20,6,36,0,-731380,68200,150,3.5,3.5
604,2013,5,21,20,41,0,-731390,68570,147,3.4,3.4
605,2013,5,22,15,10,0,-731420,68290,147,3.3,3.3
606,2013,5,22,19,54,0,-731240,68300,143,3.4,3.4
607,2013,5,23,2,20,0,-731220,68300,150,3.8,3.8
608,2013,5,24,16,39,0,-731440,67670,147,3.3,3.3
609,2013,5,26,8,38,0,-731600,68150,143,3.1,3.1
610,2013,5,27,1,33,0,-731830,67950,140,2.8,2.8
611,2013,5,27,3,20,0,-731450,67870,142,3,3
612,2013,5,27,7,17,0,-731760,68110,140,2.7,2.7
613,2013,5,27,7,43,0,-731530,68040,143,2.7,2.7
614,2013,5,27,10,9,0,-731410,68450,148,3.4,3.4
615,2013,5,28,22,26,0,-731540,68010,143,3.5,3.5
616,2013,5,29,1,42,0,-731700,67940,141,3.1,3.1
617,2013,5,29,8,10,0,-731460,68160,137,2.9,2.9
618,2013,5,29,9,40,0,-731320,68070,147,2.9,2.9
619,2013,5,29,16,47,0,-731120,68350,150,3.4,3.4
620,2013,5,29,23,54,0,-731620,67910,143,3.1,3.1
621,2013,5,30,8,0,0,-731540,67810,148,2.9,2.9
622,2013,5,31,2,19,0,-731670,68020,137,2.7,2.7
623,2013,6,1,11,1,0,-731280,68440,152,3.7,3.7
624,2013,6,2,1,20,0,-731540,68170,145,3.2,3.2
625,2013,6,2,16,20,0,-731490,68250,150,3.3,3.3
626,2013,6,3,15,12,0,-731290,68360,146,3.4,3.4
627,2013,6,4,0,25,0,-731510,68180,143,3.5,3.5
628,2013,6,4,10,23,0,-731440,68010,146,2.8,2.8
629,2013,6,4,21,32,0,-731130,68080,139,3.5,3.5
630,2013,6,5,3,25,0,-731340,68140,144,3.2,3.2
631,2013,6,5,11,12,0,-731510,68190,140,3,3
632,2013,6,5,22,31,0,-731390,68080,148,3.3,3.3
633,2013,6,6,4,27,0,-731430,68160,144,3.2,3.2
634,2013,6,6,14,19,0,-731580,68120,143,3.3,3.3
635,2013,6,8,16,52,0,-731490,68190,140,3.5,3.5
636,2013,6,8,23,14,0,-731390,68060,149,3.4,3.4
637,2013,6,9,20,9,0,-731350,68220,145,3.5,3.5
638,2013,6,10,20,0,0,-731370,68300,144,3.1,3.1
639,2013,6,13,20,14,0,-731450,68120,143,3,3
640,2013,6,18,22,10,0,-731370,68170,138,3.2,3.2
641,2013,6,25,5,39,0,-731560,68100,144,3.3,3.3
642,2013,6,25,7,56,0,-731590,67980,149,3.4,3.4
643,2013,6,26,23,35,0,-731790,68260,142,3.8,3.8
644,2013,6,27,5,34,0,-731370,68020,146,2.9,2.9
645,2013,6,27,12,34,0,-731440,68160,150,3.4,3.4
646,2013,6,28,7,30,0,-731430,68140,146,3.3,3.3
647,2013,6,28,7,39,0,-731700,68160,144,3.1,3.1
648,2013,6,28,8,4,0,-731580,68050,145,3.1,3.1
649,2013,6,29,2,30,0,-731500,68310,147,3.1,3.1
650,2013,6,29,3,12,0,-731090,68340,149,3.3,3.3
651,2013,6,29,7,28,0,-731390,68390,145,3.3,3.3
652,2013,6,30,0,15,0,-731600,68390,145,3.1,3.1
653,2013,7,1,0,40,0,-731260,68730,148,3.9,3.9
654,2013,7,1,10,35,0,-731660,68160,144,3.1,3.1
655,2013,7,2,11,58,0,-731760,68150,145,3.6,3.6
656,2013,7,2,15,27,0,-731740,68010,146,3.4,3.4
657,2013,7,3,8,54,0,-731320,68090,150,3.5,3.5
658,2013,7,3,10,45,0,-731610,67950,145,2.9,2.9
659,2013,7,3,11,28,0,-731630,68320,144,3,3
660,2013,7,4,9,46,0,-731450,68180,146,3.4,3.4
661,2013,7,4,16,44,0,-731460,67930,146,3.4,3.4
662,2013,7,8,2,24,0,-731540,68280,141,3.1,3.1
663,2013,7,9,5,14,0,-731590,68160,149,3.3,3.3
664,2013,7,9,21,5,0,-731610,67960,143,3.2,3.2
665,2013,7,9,21,9,0,-731460,67830,143,3.1,3.1
666,2013,7,13,10,42,0,-731450,68180,144,3.3,3.3
667,2013,7,16,1,29,0,-731520,68240,146,3.5,3.5
668,2013,7,16,15,34,0,-731170,68190,147,2.9,2.9
669,2013,7,16,17,7,0,-731410,68140,147,3.2,3.2
670,2013,7,18,9,34,0,-731350,68120,148,3.4,3.4
671,2013,7,18,15,3,0,-731460,68110,141,3.5,3.5
672,2013,7,19,1,37,0,-731500,68140,139,3.4,3.4
673,2013,7,20,15,40,0,-731340,68140,145,3.2,3.2
674,2013,7,21,9,53,0,-731560,68270,146,3.4,3.4
675,2013,7,22,13,40,0,-731510,68220,143,3.1,3.1
676,2013,7,22,13,46,0,-731430,68240,145,3,3
677,2013,7,24,20,50,0,-731430,68280,146,3.3,3.3
678,2013,7,25,15,55,0,-731460,68120,140,3.3,3.3
679,2013,7,27,10,0,0,-731620,68290,143,3,3
680,2013,7,30,2,19,0,-731250,68160,143,3,3
681,2013,7,30,5,54,0,-731570,67970,150,3.8,3.8
682,2013,7,30,10,50,0,-731560,68200,148,3.3,3.3
683,2013,7,31,12,3,0,-731120,68380,147,3.4,3.4
684,2013,8,1,7,46,0,-731390,68370,143,3.1,3.1
685,2013,8,2,17,27,0,-731500,68270,151,3.3,3.3
686,2013,8,3,17,57,0,-731450,68070,150,3.5,3.5
687,2013,8,3,18,31,0,-731420,68160,147,3.4,3.4
688,2013,8,4,5,2,0,-731380,68120,143,3.1,3.1
689,2013,8,5,23,30,0,-731510,68240,147,3.3,3.3
690,2013,8,6,4,19,0,-731470,67910,149,3.1,3.1
691,2013,8,6,4,44,0,-731190,68150,151,3.5,3.5
692,2013,8,6,7,41,0,-731310,68010,144,3.4,3.4
693,2013,8,8,1,57,0,-731600,68230,146,3.2,3.2
694,2013,8,10,1,3,0,-731500,68130,147,2.8,2.8
695,2013,8,11,4,12,0,-731550,68130,144,3.1,3.1
696,2013,8,11,4,35,0,-731720,68160,143,3,3
697,2013,8,11,6,58,0,-731500,67700,136,3.2,3.2
698,2013,8,11,12,11,0,-731680,68010,145,3.2,3.2
699,2013,8,12,3,35,0,-731510,68350,149,3.5,3.5
700,2013,8,12,11,0,0,-731750,68220,143,3.2,3.2
701,2013,8,12,12,58,0,-731550,68210,148,3.2,3.2
702,2013,8,13,20,58,0,-731460,68130,142,3,3
703,2013,8,15,14,53,0,-731400,67940,140,3.3,3.3
704,2013,8,15,20,49,0,-731560,68230,148,3.3,3.3
705,2013,8,16,6,0,0,-730360,68660,136,2.7,2.7
706,2013,8,16,10,16,0,-731450,67660,145,2.5,2.5
707,2013,8,16,11,10,0,-731400,67980,146,3.3,3.3
708,2013,8,16,11,30,0,-731550,67760,144,2.6,2.6
709,2013,8,17,0,24,0,-731360,68070,148,2.7,2.7
710,2013,8,17,1,18,0,-731630,68080,144,2.4,2.4
711,2013,8,17,3,1,0,-731350,67790,141,2.2,2.2
712,2013,8,17,3,58,0,-731510,68410,138,2.3,2.3
713,2013,8,17,4,42,0,-731340,67940,134,1.9,1.9
714,2013,8,17,6,22,0,-731510,68080,143,2.9,2.9
715,2013,8,17,6,33,0,-731290,68020,144,2.4,2.4
716,2013,8,18,11,35,0,-731510,67970,148,3,3
717,2013,8,19,4,46,0,-731400,68220,150,3.4,3.4
718,2013,8,19,5,37,0,-731430,68190,145,3,3
719,2013,8,19,20,11,0,-731730,67950,143,3.1,3.1
720,2013,8,20,1,21,0,-731200,67340,140,2.9,2.9
721,2013,8,20,7,17,0,-731150,68230,142,2.2,2.2
722,2013,8,20,8,51,0,-731580,67940,135,3.2,3.2
723,2013,8,21,12,12,0,-731440,68160,141,3,3
724,2013,8,21,12,50,0,-731790,67750,141,2.6,2.6
725,2013,8,21,23,24,0,-731520,68020,148,3.1,3.1
726,2013,8,22,12,12,0,-731270,68110,139,2.7,2.7
727,2013,8,22,12,37,0,-730950,68050,145,2.5,2.5
728,2013,8,22,12,57,0,-731640,67910,139,2.7,2.7
729,2013,8,22,17,2,0,-731740,67900,135,2.4,2.4
730,2013,8,22,23,33,0,-731420,67880,148,3,3
731,2013,8,23,13,9,0,-731130,68130,147,2.3,2.3
732,2013,8,24,10,9,0,-731330,68130,146,3.1,3.1
733,2013,8,24,13,53,0,-731700,67840,144,2.9,2.9
734,2013,8,24,16,41,0,-731450,67910,147,2.8,2.8
735,2013,8,24,17,28,0,-731360,68180,146,2.3,2.3
736,2013,8,24,18,28,0,-731830,68200,144,2.7,2.7
737,2013,8,24,19,12,0,-731450,67810,147,2.3,2.3
738,2013,8,25,2,15,0,-731600,67980,148,2.5,2.5
739,2013,8,25,6,20,0,-731360,67840,145,2.7,2.7
740,2013,8,25,8,23,0,-731540,68170,140,2.4,2.4
741,2013,8,25,8,54,0,-731510,68300,138,2.3,2.3
742,2013,8,25,22,48,0,-731720,68190,147,3.3,3.3
743,2013,8,26,15,29,0,-731550,68030,139,3.4,3.4
744,2013,8,26,17,25,0,-731690,68260,147,3.3,3.3
745,2013,8,26,20,35,0,-731700,67860,140,2.4,2.4
746,2013,8,26,21,20,0,-731630,67820,143,2.1,2.1
747,2013,8,26,21,55,0,-730980,67880,145,2.6,2.6
748,2013,8,26,23,28,0,-732030,67350,139,2,2
749,2013,8,27,7,48,0,-731100,67720,145,2.8,2.8
750,2013,8,27,18,56,0,-731550,68260,139,3.1,3.1
751,2013,8,27,19,25,0,-731510,67860,142,2.2,2.2
752,2013,8,27,21,9,0,-731380,67870,141,2.2,2.2
753,2013,8,27,21,28,0,-730840,67820,145,2.7,2.7
754,2013,8,27,23,19,0,-731210,67950,139,2.4,2.4
755,2013,8,28,20,47,0,-731900,67410,142,2.5,2.5
756,2013,8,28,22,20,0,-730860,67720,147,2.8,2.8
757,2013,8,29,2,23,0,-731480,67990,141,3.4,3.4
758,2013,8,29,9,13,0,-731600,68130,147,2.9,2.9
759,2013,8,29,23,14,0,-730960,67620,144,2.5,2.5
760,2013,8,30,6,51,0,-731620,68140,144,3.1,3.1
761,2013,8,30,11,52,0,-731610,67690,140,2.9,2.9
762,2013,8,30,22,38,0,-731290,67980,142,3,3
763,2013,8,31,3,7,0,-731460,68200,144,3.1,3.1
764,2013,8,31,21,27,0,-731330,67990,141,2.7,2.7
765,2013,8,31,21,29,0,-731310,68260,139,3.6,3.6
766,2013,9,1,22,10,0,-731340,68210,144,3,3
767,2013,9,1,23,57,0,-730970,67840,137,2.3,2.3
768,2013,9,3,4,22,0,-731470,68220,147,3.2,3.2
769,2013,9,3,20,14,0,-731420,67950,142,3.1,3.1
770,2013,9,3,20,34,0,-731560,68190,147,2.9,2.9
771,2013,9,6,3,25,0,-731490,68240,145,3.1,3.1
772,2013,9,11,13,6,0,-731400,68050,145,3,3
773,2013,9,11,13,11,0,-731400,68220,146,3.1,3.1
774,2013,9,11,16,3,0,-731440,68060,141,3.1,3.1
775,2013,9,12,2,16,0,-731230,68030,150,2.8,2.8
776,2013,9,12,8,15,0,-731590,68160,145,2.7,2.7
777,2013,9,13,9,23,0,-731590,68270,146,2.5,2.5
778,2013,9,14,23,59,0,-731550,68130,143,3,3
779,2013,9,15,8,0,0,-731600,68250,148,3.2,3.2
780,2013,9,15,17,57,0,-731600,68190,148,3.3,3.3
781,2013,9,16,9,11,0,-731620,68260,147,3.2,3.2
782,2013,9,16,17,14,0,-731340,68050,148,3.2,3.2
783,2013,9,17,2,34,0,-731420,68120,148,2.9,2.9
784,2013,9,17,6,44,0,-731620,68280,149,3.5,3.5
785,2013,9,18,5,35,0,-731530,67970,147,2.8,2.8
786,2013,9,18,23,1,0,-731530,68300,149,3.4,3.4
787,2013,9,19,4,15,0,-731730,67900,145,3.2,3.2
788,2013,9,19,6,20,0,-731820,68100,144,3,3
789,2013,9,20,8,0,0,-731460,68280,145,2.6,2.6
790,2013,9,20,16,51,0,-731610,68170,144,3.3,3.3
791,2013,9,20,17,6,0,-731540,68150,143,2.8,2.8
792,2013,9,21,9,31,0,-731540,67950,148,3.1,3.1
793,2013,9,22,1,37,0,-731520,68130,149,3,3
794,2013,9,22,8,7,0,-731720,68290,145,3.1,3.1
795,2013,9,22,11,16,0,-731620,68160,148,2.7,2.7
796,2013,9,22,17,58,0,-731260,68170,147,2.6,2.6
797,2013,9,22,21,15,0,-731540,68150,147,3.2,3.2
798,2013,9,23,10,7,0,-731170,68230,145,2.5,2.5
799,2013,9,23,12,46,0,-731610,68140,147,2.7,2.7
800,2013,9,23,15,51,0,-731800,68390,138,3.1,3.1
801,2013,9,23,16,27,0,-731420,68280,144,3.4,3.4
802,2013,9,23,17,1,0,-731430,68090,143,2.5,2.5
803,2013,9,23,18,12,0,-731510,67880,143,2.8,2.8
804,2013,9,23,19,40,0,-731430,68310,146,2.6,2.6
805,2013,9,24,12,34,0,-731850,67980,144,2.9,2.9
806,2013,9,24,19,3,0,-731450,68290,143,3.2,3.2
807,2013,9,24,19,50,0,-731080,68040,139,2.8,2.8
808,2013,9,24,22,22,0,-731440,68170,149,2.9,2.9
809,2013,9,25,10,38,0,-731330,67880,144,2.8,2.8
810,2013,9,26,14,44,0,-731520,68330,143,3.2,3.2
811,2013,9,26,15,5,0,-731600,67940,146,2.7,2.7
812,2013,9,26,15,38,0,-731540,68310,143,2.5,2.5
813,2013,9,26,18,45,0,-731500,68650,140,3.2,3.2
814,2013,9,26,19,40,0,-731410,67880,144,2.7,2.7
815,2013,9,26,23,0,0,-731250,67910,143,2.8,2.8
816,2013,9,27,10,37,0,-731650,68010,147,2.1,2.1
817,2013,9,27,11,25,0,-731370,67700,138,2.7,2.7
818,2013,9,27,12,49,0,-731610,68240,144,2.5,2.5
819,2013,9,27,13,31,0,-731290,67970,139,2.3,2.3
820,2013,9,27,15,8,0,-731210,68080,149,3.5,3.5
821,2013,9,27,16,58,0,-731000,67880,146,2.7,2.7
822,2013,9,27,17,26,0,-731160,67650,146,2.4,2.4
823,2013,9,27,18,44,0,-731430,67980,140,2.6,2.6
824,2013,9,28,0,37,0,-731270,67880,147,2.5,2.5
825,2013,9,28,2,29,0,-731560,67810,134,2.5,2.5
826,2013,9,28,13,34,0,-731840,68040,142,3,3
827,2013,9,28,21,56,0,-731350,67940,142,2.8,2.8
828,2013,9,29,3,50,0,-731470,68170,142,2.9,2.9
829,2013,9,29,7,59,0,-731800,68120,140,2.7,2.7
830,2013,9,29,20,31,0,-731710,68380,141,2.8,2.8
831,2013,9,30,0,51,0,-730500,68200,126,2.3,2.3
832,2013,10,1,8,27,0,-731510,68200,141,2.8,2.8
833,2013,10,1,11,9,0,-731420,68130,141,2.6,2.6
834,2013,10,1,16,7,0,-731690,67710,143,2.7,2.7
835,2013,10,2,4,30,0,-731310,68040,139,2.7,2.7
836,2013,10,2,6,20,0,-731590,67890,139,3.3,3.3
837,2013,10,2,11,17,0,-731480,68080,145,2.7,2.7
838,2013,10,2,15,26,0,-731640,67950,145,2.8,2.8
839,2013,10,2,18,10,0,-731400,68190,148,3.2,3.2
840,2013,10,2,19,21,0,-731520,67930,149,2.7,2.7
841,2013,10,3,3,33,0,-731140,68040,147,2.7,2.7
842,2013,10,3,7,28,0,-731620,68140,140,3,3
843,2013,10,3,15,45,0,-731430,68330,141,2.8,2.8
844,2013,10,3,16,21,0,-731580,67960,138,2.9,2.9
845,2013,10,4,13,43,0,-731600,68190,139,2.8,2.8
846,2013,10,4,13,51,0,-731550,68290,144,2.9,2.9
847,2013,10,4,13,53,0,-731530,68230,141,3.2,3.2
848,2013,10,4,14,15,0,-731350,67920,137,2.8,2.8
849,2013,10,4,14,49,0,-731490,68230,142,2.7,2.7
850,2013,10,4,15,49,0,-731460,68070,140,2.6,2.6
851,2013,10,4,15,58,0,-731480,68050,138,2.9,2.9
852,2013,10,5,16,28,0,-731520,68080,145,3.1,3.1
853,2013,10,5,17,45,0,-731750,67480,133,2.6,2.6
854,2013,10,6,12,34,0,-731570,67850,146,2.6,2.6
855,2013,10,6,18,38,0,-731210,68080,146,2.7,2.7
856,2013,10,7,14,3,0,-731280,68110,144,3.3,3.3
857,2013,10,7,20,9,0,-731430,68150,144,3,3
858,2013,10,8,11,41,0,-731680,68330,144,3,3
859,2013,10,9,22,32,0,-731260,68040,146,2.9,2.9
860,2013,10,10,10,52,0,-731570,68080,143,2.7,2.7
861,2013,10,10,16,36,0,-731390,68110,147,3.1,3.1
862,2013,10,10,21,7,0,-731420,67970,144,2.7,2.7
863,2013,10,11,22,30,0,-731570,68010,144,2.5,2.5
864,2013,10,11,22,37,0,-731440,67690,140,2.8,2.8
865,2013,10,12,20,54,0,-731460,68220,135,2.8,2.8
866,2013,10,13,15,15,0,-731540,68050,144,2.7,2.7
867,2013,10,13,19,45,0,-731460,68130,141,3,3
868,2013,10,13,22,59,0,-731370,67790,142,2.9,2.9
869,2013,10,14,5,52,0,-731150,68280,152,3.4,3.4
870,2013,10,15,18,44,0,-731540,68010,147,3.1,3.1
871,2013,10,15,20,38,0,-731510,68020,147,2.9,2.9
872,2013,10,16,22,7,0,-731340,68100,151,3,3
873,2013,10,17,1,56,0,-731640,68020,141,3.2,3.2
874,2013,10,17,23,57,0,-731220,68110,143,3,3
875,2013,10,21,8,13,0,-731760,68150,147,2.4,2.4
876,2013,10,21,11,23,0,-731610,68110,143,3.4,3.4
877,2013,10,22,2,23,0,-731520,68400,145,2.9,2.9
878,2013,10,23,9,14,0,-731290,67980,142,2.7,2.7
879,2013,10,23,19,0,0,-731020,67910,145,3.2,3.2
880,2013,10,24,8,26,0,-731180,68320,148,2.9,2.9
881,2013,10,25,1,50,0,-731300,68140,149,2.9,2.9
882,2013,10,26,8,25,0,-731330,68010,143,3,3
883,2013,10,27,2,20,0,-731300,68390,148,3.3,3.3
884,2013,10,27,4,27,0,-731340,68190,150,2.9,2.9
885,2013,10,27,9,46,0,-731470,68060,145,2.8,2.8
886,2013,10,28,1,25,0,-731630,68370,140,3.2,3.2
887,2013,10,28,5,37,0,-731620,68100,141,2.7,2.7
888,2013,10,28,15,0,0,-731660,68170,143,3,3
889,2013,10,28,22,54,0,-731400,68070,150,3.3,3.3
890,2013,10,29,11,13,0,-731290,68020,147,3,3
891,2013,10,30,0,16,0,-731410,68030,147,3.4,3.4
892,2013,10,30,1,5,0,-731530,68130,144,3.1,3.1
893,2013,10,30,11,53,0,-731710,68160,138,3,3
894,2013,10,30,15,11,0,-731510,68070,141,2.9,2.9
895,2013,10,31,0,19,0,-731630,67910,139,2.8,2.8
896,2013,10,31,16,36,0,-731400,68230,151,2.9,2.9
897,2013,11,1,2,25,0,-731420,68160,150,3.1,3.1
898,2013,11,1,9,32,0,-731400,68190,144,2.8,2.8
899,2013,11,2,9,8,0,-731690,68100,139,2.9,2.9
900,2013,11,2,12,5,0,-731630,68240,144,3.1,3.1
901,2013,11,2,12,11,0,-731510,68080,147,2.9,2.9
902,2013,11,2,14,28,0,-731400,67880,150,2.9,2.9
903,2013,11,2,15,39,0,-731470,68110,146,3.1,3.1
904,2013,11,3,1,0,0,-731510,68010,144,3.2,3.2
905,2013,11,3,10,49,0,-731410,67720,147,2.8,2.8
906,2013,11,3,11,12,0,-731480,68200,145,2.8,2.8
907,2013,11,3,15,21,0,-731580,68020,145,3.2,3.2
908,2013,11,3,16,36,0,-731420,67670,142,2.6,2.6
909,2013,11,3,16,40,0,-731590,68350,146,3.2,3.2
910,2013,11,4,5,45,0,-731670,68160,145,2.3,2.3
911,2013,11,4,9,45,0,-731560,68210,142,2.8,2.8
912,2013,11,4,15,42,0,-731660,68030,144,3,3
913,2013,11,4,19,9,0,-731500,68220,148,3.2,3.2
914,2013,11,5,5,4,0,-730300,66790,187,2.8,2.8
915,2013,11,5,11,51,0,-731670,68250,145,3.3,3.3
916,2013,11,5,15,22,0,-731440,68230,145,3,3
917,2013,11,6,18,20,0,-731510,68410,142,3.1,3.1
918,2013,11,6,20,37,0,-731580,68110,146,2.8,2.8
919,2013,11,9,3,26,0,-731490,68150,140,2.9,2.9
920,2013,11,10,7,0,0,-731120,68500,144,2.1,2.1
921,2013,11,10,7,6,0,-731540,68070,141,2.7,2.7
922,2013,11,10,14,21,0,-731550,68050,149,3,3
923,2013,11,11,3,48,0,-731440,68250,147,3.1,3.1
924,2013,11,11,5,14,0,-731730,68400,143,3.4,3.4
925,2013,11,11,11,42,0,-731080,67870,142,2.4,2.4
926,2013,11,11,19,6,0,-731380,68070,138,2.8,2.8
927,2013,11,11,20,39,0,-731350,68020,151,2.9,2.9
928,2013,11,12,6,56,0,-731600,68140,146,3.4,3.4
929,2013,11,13,7,54,0,-731470,68310,145,3.4,3.4
930,2013,11,13,16,25,0,-731730,67820,147,2.6,2.6
931,2013,11,14,12,0,0,-731680,68050,145,2.8,2.8
932,2013,11,14,12,55,0,-731190,68190,148,3.4,3.4
933,2013,11,14,14,17,0,-731710,67740,139,2.6,2.6
934,2013,11,15,13,20,0,-731490,68100,144,2.7,2.7
935,2013,11,15,13,42,0,-731760,68410,138,2.8,2.8
936,2013,11,15,16,37,0,-731320,68220,145,2.7,2.7
937,2013,11,15,18,44,0,-731420,67810,145,2.7,2.7
938,2013,11,15,23,21,0,-731570,68140,149,2.8,2.8
939,2013,11,16,2,6,0,-731510,68060,144,3.1,3.1
940,2013,11,16,2,8,0,-731370,68080,143,2.5,2.5
941,2013,11,16,12,22,0,-731480,67960,136,2.7,2.7
942,2013,11,16,14,44,0,-731290,68130,144,2.9,2.9
943,2013,11,16,16,3,0,-730600,67470,141,2.6,2.6
944,2013,11,17,4,37,0,-731510,68020,139,2.8,2.8
945,2013,11,17,5,58,0,-731420,67820,137,2.4,2.4
946,2013,11,18,21,3,0,-731500,67930,141,2.5,2.5
947,2013,11,18,21,18,0,-731740,67470,140,2.6,2.6
948,2013,11,18,22,33,0,-731340,67660,141,2.4,2.4
949,2013,11,18,22,37,0,-731520,67680,143,2.3,2.3
950,2013,11,18,22,49,0,-731520,67980,143,2.9,2.9
951,2013,11,19,0,2,0,-731620,68110,139,3.2,3.2
952,2013,11,19,22,11,0,-731320,67930,145,2.8,2.8
953,2013,11,20,6,27,0,-731710,68210,139,2.9,2.9
954,2013,11,20,7,42,0,-731620,68160,142,3,3
955,2013,11,20,8,48,0,-731710,67970,134,3.1,3.1
956,2013,11,20,22,16,0,-731730,67770,137,2.5,2.5
957,2013,11,21,6,33,0,-731250,68390,151,3.1,3.1
958,2013,11,21,13,24,0,-731490,67980,150,3.2,3.2
959,2013,11,21,23,50,0,-731840,68140,143,2.6,2.6
960,2013,11,22,11,4,0,-731520,68410,144,2.9,2.9
961,2013,11,22,13,49,0,-731550,68070,146,3.3,3.3
962,2013,11,22,21,10,0,-731840,68150,137,2.6,2.6
963,2013,11,24,2,14,0,-730990,68320,152,3.1,3.1
964,2013,11,24,16,0,0,-731620,68160,146,3.4,3.4
965,2013,11,24,22,21,0,-731210,68160,142,2.9,2.9
966,2013,11,24,22,42,0,-731250,68170,141,2.7,2.7
967,2013,11,25,20,7,0,-731350,67960,144,2.6,2.6
968,2013,11,27,7,30,0,-731640,67960,137,2.7,2.7
969,2013,11,27,8,31,0,-731350,67990,140,2.8,2.8
970,2013,11,28,5,4,0,-731750,67760,153,2.4,2.4
971,2013,11,28,5,27,0,-731450,67990,144,2.7,2.7
972,2013,11,28,7,27,0,-731640,68040,142,2.6,2.6
973,2013,11,28,23,11,0,-731500,68570,143,3.2,3.2
974,2013,11,29,10,38,0,-731610,68100,146,3.2,3.2
975,2013,11,29,18,59,0,-731570,68200,149,3.6,3.6
976,2013,11,30,14,40,0,-731350,68430,148,3.1,3.1
977,2013,12,2,2,7,0,-731560,68230,143,2.8,2.8
978,2013,12,4,1,42,0,-731270,67890,148,3,3
979,2013,12,4,5,9,0,-731120,68180,147,2.6,2.6
980,2013,12,5,8,44,0,-731510,68460,142,2.9,2.9
981,2013,12,5,11,45,0,-731410,68070,142,3.2,3.2
982,2013,12,6,2,9,0,-731640,68210,144,2.7,2.7
983,2013,12,6,9,48,0,-731560,67970,144,3,3
984,2013,12,7,11,37,0,-731760,68250,140,3.3,3.3
985,2013,12,7,19,58,0,-731620,68130,147,3.2,3.2
986,2013,12,8,3,58,0,-731580,68000,142,3,3
987,2013,12,8,13,2,0,-731660,68140,148,3.5,3.5
988,2013,12,9,17,7,0,-731230,68000,151,3.4,3.4
989,2013,12,10,4,27,0,-731400,68090,147,3,3
990,2013,12,10,17,43,0,-731470,68170,141,3.2,3.2
991,2013,12,11,20,20,0,-731870,68160,138,2.8,2.8
992,2013,12,12,7,49,0,-731630,68000,145,3.4,3.4
993,2013,12,12,8,2,0,-731480,67840,148,2.8,2.8
994,2013,12,14,3,14,0,-731630,68410,145,3.1,3.1
995,2013,12,15,19,1,0,-731540,68090,143,3.2,3.2
996,2013,12,16,4,57,0,-731570,68150,147,3,3
997,2013,12,16,8,11,0,-731510,67980,145,3,3
998,2013,12,16,20,45,0,-731460,68160,147,2.9,2.9
999,2013,12,17,12,25,0,-731680,68020,142,3,3
1000,2013,12,17,14,24,0,-731430,68060,147,2.8,2.8
1001,2013,12,19,1,15,0,-731550,68080,143,3.1,3.1
1002,2013,12,19,5,34,0,-731660,68120,149,2.8,2.8
1003,2013,12,20,10,35,0,-731710,68100,141,3.1,3.1
1004,2013,12,20,19,49,0,-731300,68100,148,3.2,3.2
1005,2013,12,21,6,45,0,-731720,68130,144,2.8,2.8
1006,2013,12,23,8,21,0,-731440,68240,145,3.1,3.1
1007,2013,12,24,12,59,0,-731680,68180,144,3,3
1008,2013,12,25,0,11,0,-731570,67880,140,3.1,3.1
1009,2013,12,25,19,33,0,-731360,68050,147,3,3
1010,2013,12,27,11,49,0,-731750,68140,140,3.2,3.2
1011,2013,12,28,17,36,0,-731350,67970,144,2.9,2.9
1012,2013,12,30,10,18,0,-731790,67820,137,2.6,2.6
1013,2013,12,30,19,48,0,-731340,68220,140,2.9,2.9
1014,2013,12,31,9,13,0,-731710,68070,136,2.8,2.8
1015,2013,12,31,22,42,0,-731840,68110,135,3.1,3.1
1016,2013,4,1,20,31,0,-731390,67910,152,3.3,3.3
1017,2013,4,3,20,42,0,-731370,68070,153,3.3,3.3
1018,2013,4,3,23,32,0,-731320,67810,148,3.2,3.2
1019,2013,4,4,11,22,0,-731440,68420,148,3.3,3.3
1020,2013,4,4,17,12,0,-731410,68230,144,2.9,2.9
1021,2013,4,5,7,42,0,-731440,68100,152,3.4,3.4
1022,2013,4,5,15,20,0,-731070,68150,150,2.9,2.9
1023,2013,4,5,19,8,0,-731270,67980,151,2.9,2.9
1024,2013,4,5,20,45,0,-731420,67740,140,3.3,3.3
1025,2013,4,6,11,45,0,-731330,68180,149,3,3
1026,2013,4,6,16,3,0,-731390,68070,145,3.2,3.2
1027,2013,4,7,23,10,0,-731490,68290,138,3.1,3.1
1028,2013,4,11,0,25,0,-731520,68370,150,3.6,3.6
1029,2013,4,14,3,51,0,-731390,68130,152,3.5,3.5
1030,2013,4,17,0,44,0,-731530,68160,152,3.1,3.1
1031,2013,4,20,15,2,0,-731540,68160,148,3.3,3.3
1032,2013,4,22,10,13,0,-731670,68100,142,3,3
1033,2013,4,23,9,10,0,-730980,67850,142,3,3
1034,2013,4,23,13,55,0,-731530,67830,143,2.7,2.7
1035,2013,4,23,17,1,0,-731490,68170,144,3.3,3.3
1036,2013,4,23,21,3,0,-731680,68530,140,3.9,3.9
1037,2013,4,24,19,53,0,-731460,68230,147,2.9,2.9
1038,2013,4,24,22,29,0,-731430,68000,139,3.4,3.4
1039,2013,4,24,23,38,0,-731300,68060,148,3.4,3.4
1040,2013,4,25,9,31,0,-731700,68030,139,3.1,3.1
1041,2013,4,25,15,7,0,-731530,68570,147,3.3,3.3
1042,2013,4,27,8,38,0,-731540,68150,144,3.2,3.2
1043,2013,4,28,18,32,0,-731210,67870,147,2.9,2.9
1044,2014,1,1,23,4,0,-731460,68520,146,3.3,3.3
1045,2014,1,2,0,56,0,-731110,68150,145,3.1,3.1
1046,2014,1,2,1,1,0,-731130,68300,142,3.1,3.1
1047,2014,1,4,5,8,0,-731430,68150,144,3.2,3.2
1048,2014,1,4,6,32,0,-731700,68220,135,2.9,2.9
1049,2014,1,5,16,52,0,-731320,67960,142,2.9,2.9
1050,2014,1,5,21,6,0,-731290,68200,140,2.7,2.7
1051,2014,1,9,16,10,0,-731350,68170,139,3.1,3.1
1052,2014,1,9,16,52,0,-731290,68020,146,3,3
1053,2014,1,10,0,32,0,-731470,68330,142,3,3
1054,2014,1,10,10,52,0,-731680,68370,138,3,3
1055,2014,1,10,17,9,0,-731310,68110,142,2.8,2.8
1056,2014,1,12,13,50,0,-731630,68120,137,2.9,2.9
1057,2014,1,13,7,40,0,-731470,68360,147,3.1,3.1
1058,2014,1,14,18,2,0,-731540,68150,148,3.3,3.3
1059,2014,1,14,18,40,0,-731270,68160,149,3,3
1060,2014,1,16,8,29,0,-731640,68380,146,3.2,3.2
1061,2014,1,16,9,47,0,-731780,68400,139,2.9,2.9
1062,2014,1,16,20,30,0,-731480,68030,143,3.1,3.1
1063,2014,1,16,20,31,0,-731700,68150,145,3.4,3.4
1064,2014,1,16,20,31,0,-731420,68040,142,3.3,3.3
1065,2014,1,16,21,5,0,-731660,68240,147,3.4,3.4
1066,2014,1,20,5,25,0,-731660,68170,142,2.9,2.9
1067,2014,1,20,11,16,0,-731540,68290,141,2.8,2.8
1068,2014,1,21,1,2,0,-731750,68080,137,3.1,3.1
1069,2014,1,21,2,51,0,-731420,68000,146,2.8,2.8
1070,2014,1,21,10,27,0,-731560,68050,143,2.5,2.5
1071,2014,1,21,13,35,0,-731490,68130,144,3.1,3.1
1072,2014,1,22,11,48,0,-731790,68160,141,3.1,3.1
1073,2014,1,23,7,32,0,-731600,68040,146,3.2,3.2
1074,2014,1,23,17,3,0,-731510,68090,144,2.8,2.8
1075,2014,1,23,18,42,0,-731450,68310,142,2.6,2.6
1076,2014,1,24,2,19,0,-731620,68040,137,3,3
1077,2014,1,24,13,6,0,-731300,68000,142,2.9,2.9
1078,2014,1,24,13,30,0,-731340,68080,146,3.1,3.1
1079,2014,1,25,10,45,0,-731510,68200,137,3,3
1080,2014,1,25,11,16,0,-731790,67960,140,2.6,2.6
1081,2014,1,25,14,11,0,-731410,68250,147,3,3
1082,2014,1,25,14,13,0,-731540,68200,140,3,3
1083,2014,1,27,3,17,0,-731370,68030,141,2.7,2.7
1084,2014,1,27,19,28,0,-731680,68290,145,3,3
1085,2014,1,28,0,49,0,-731410,67960,148,2.8,2.8
1086,2014,1,28,2,23,0,-731540,68220,143,2.7,2.7
1087,2014,1,29,15,24,0,-731410,68100,148,3,3
1088,2014,1,29,19,43,0,-731500,68220,143,3.1,3.1
1089,2014,1,30,17,25,0,-731490,68150,144,3.1,3.1
1090,2014,1,31,2,24,0,-731420,67960,140,2.8,2.8
1091,2014,1,31,13,14,0,-731520,68330,144,3.1,3.1
1092,2014,2,1,3,6,0,-731540,68350,142,3.1,3.1
1093,2014,2,1,4,37,0,-731360,68250,148,3.6,3.6
1094,2014,2,1,16,25,0,-731350,67940,144,3.1,3.1
1095,2014,2,3,2,17,0,-731620,68100,140,2.9,2.9
1096,2014,2,3,4,47,0,-731620,68010,141,3.1,3.1
1097,2014,2,3,20,47,0,-731270,67970,149,3.3,3.3
1098,2014,2,4,21,56,0,-731520,68020,147,2.9,2.9
1099,2014,2,6,20,25,0,-731400,68220,144,3,3
1100,2014,2,7,9,32,0,-731300,68090,149,3.4,3.4
1101,2014,2,10,22,28,0,-731530,67970,145,3.1,3.1
1102,2014,2,12,9,39,0,-731760,68240,142,3.4,3.4
1103,2014,2,14,21,43,0,-731440,67960,145,3,3
1104,2014,2,15,3,16,0,-731320,68170,148,3.2,3.2
1105,2014,2,16,5,27,0,-731610,68150,146,3.4,3.4
1106,2014,2,16,8,59,0,-731390,68030,147,3.1,3.1
1107,2014,2,18,20,58,0,-731380,68360,147,3.2,3.2
1108,2014,2,22,16,37,0,-731710,68290,143,3.5,3.5
1109,2014,2,23,9,59,0,-731750,68280,148,3.3,3.3
1110,2014,2,24,23,1,0,-731540,67970,145,3.2,3.2
1111,2014,2,25,1,54,0,-731440,68320,151,2.7,2.7
1112,2014,2,25,2,25,0,-731740,68190,143,3,3
1113,2014,2,25,4,36,0,-731620,68340,143,2.9,2.9
1114,2014,2,25,5,37,0,-731610,68210,142,2.8,2.8
1115,2014,2,25,7,41,0,-731620,68060,148,2.8,2.8
1116,2014,2,25,9,22,0,-731620,68210,138,3,3
1117,2014,2,25,9,37,0,-731630,68360,144,3,3
1118,2014,2,27,4,56,0,-731580,68240,147,2.8,2.8
1119,2014,2,27,5,10,0,-731580,68840,148,2.4,2.4
1120,2014,2,27,16,52,0,-731400,68170,146,3.3,3.3
1121,2014,2,28,9,9,0,-731210,67970,139,2.7,2.7
1122,2014,3,1,0,16,0,-731330,68030,149,3.5,3.5
1123,2014,3,4,15,8,0,-731280,68310,144,3.1,3.1
1124,2014,3,4,16,0,0,-731330,68130,143,3.1,3.1
1125,2014,3,7,10,22,0,-731710,66990,159,3,3
1126,2014,3,7,15,58,0,-731740,68340,141,3.2,3.2
1127,2014,3,8,0,31,0,-731650,68100,140,3.2,3.2
1128,2014,3,10,8,22,0,-731580,68140,145,2.9,2.9
1129,2014,3,10,13,56,0,-731640,68180,146,3.4,3.4
1130,2014,3,12,5,34,0,-731540,67990,147,3.2,3.2
1131,2014,3,12,8,11,0,-731530,67980,148,2.7,2.7
1132,2014,3,12,20,10,0,-731380,68470,141,3.3,3.3
1133,2014,3,14,6,23,0,-731580,68230,146,3,3
1134,2014,3,15,13,9,0,-731560,68170,144,3.3,3.3
1135,2014,3,15,21,52,0,-731730,68330,136,3.2,3.2
1136,2014,3,16,0,24,0,-731030,68060,150,3.3,3.3
1137,2014,3,16,4,26,0,-731400,68320,145,3,3
1138,2014,3,16,9,10,0,-731410,68080,145,2.9,2.9
1139,2014,3,17,23,8,0,-731440,67990,142,3.3,3.3
1140,2014,3,18,21,56,0,-731450,68020,137,3.2,3.2
1141,2014,3,19,20,33,0,-731120,68120,144,3.3,3.3
1142,2014,3,20,8,0,0,-731520,68270,146,3.2,3.2
1143,2014,3,23,1,33,0,-731410,68280,146,3.3,3.3
1144,2014,3,23,10,19,0,-731560,68260,145,3.4,3.4
1145,2014,3,23,11,58,0,-731540,68220,143,3.3,3.3
1146,2014,3,28,6,5,0,-731610,68130,143,3.5,3.5
1147,2014,3,29,9,21,0,-731530,68230,142,3.3,3.3
1148,2014,4,3,8,47,0,-731500,68240,147,3.5,3.5
1149,2014,4,6,12,32,0,-731180,68310,151,3.3,3.3
1150,2014,4,8,0,53,0,-731640,68170,136,3.3,3.3
1151,2014,4,8,21,19,0,-731270,68010,150,3.3,3.3
1152,2014,4,9,5,22,0,-731750,68130,135,3,3
1153,2014,4,9,13,8,0,-731230,68270,150,3.4,3.4
1154,2014,4,10,15,36,0,-731470,68280,154,3.4,3.4
1155,2014,4,12,0,43,0,-731480,68250,144,3.1,3.1
1156,2014,4,12,5,53,0,-731520,68250,139,3.1,3.1
1157,2014,4,14,0,15,0,-731380,68090,147,3.4,3.4
1158,2014,4,16,19,53,0,-731280,68180,143,3,3
1159,2014,4,19,22,4,0,-731550,68250,139,3.3,3.3
1160,2014,4,21,21,11,0,-731310,68320,151,3.7,3.7
1161,2014,4,23,19,25,0,-731450,68320,139,3.3,3.3
1162,2014,4,23,22,36,0,-731480,68190,145,3.1,3.1
1163,2014,4,25,20,32,0,-731480,68090,146,3.3,3.3
1164,2014,4,27,2,0,0,-731330,68070,145,3.2,3.2
1165,2014,4,28,12,23,0,-731520,68060,145,3.4,3.4
1166,2014,5,1,3,55,0,-731480,68080,149,3.2,3.2
1167,2014,5,2,23,15,0,-731340,68140,149,3.2,3.2
1168,2014,5,5,14,29,0,-731590,68300,145,3.4,3.4
1169,2014,5,11,20,25,0,-731600,68200,149,3.4,3.4
1170,2014,5,17,22,22,0,-731440,68130,140,3.2,3.2
1171,2014,5,20,7,54,0,-731300,68310,148,3.1,3.1
1172,2014,5,20,23,33,0,-731310,68460,146,3.5,3.5
1173,2014,5,22,9,51,0,-731260,68090,147,3.2,3.2
1174,2014,5,22,23,44,0,-731470,68410,143,3.4,3.4
1175,2014,5,27,1,16,0,-731390,68100,140,3.2,3.2
1176,2014,5,27,15,17,0,-731480,67850,144,3.3,3.3
1177,2014,5,28,11,32,0,-731750,68230,137,3.1,3.1
1178,2014,5,30,6,21,0,-731570,68160,138,3.1,3.1
1179,2014,5,30,9,16,0,-731480,68260,144,3.1,3.1
1180,2014,5,30,13,59,0,-731610,68360,143,3.4,3.4
1181,2014,5,30,15,49,0,-731490,68160,139,3.5,3.5
1182,2014,6,1,6,57,0,-731640,67910,142,3.1,3.1
1183,2014,6,1,13,44,0,-731450,68180,145,3.3,3.3
1184,2014,6,2,19,52,0,-731430,68180,145,3.4,3.4
1185,2014,6,3,3,42,0,-731490,68170,140,3.1,3.1
1186,2014,6,4,22,28,0,-731630,68330,146,3.6,3.6
1187,2014,6,7,3,44,0,-731320,68240,146,3.4,3.4
1188,2014,6,9,4,24,0,-731240,68020,149,3.5,3.5
1189,2014,6,9,6,10,0,-731390,68060,144,3.2,3.2
1190,2014,6,15,7,20,0,-731350,68180,145,4.1,4.1
1191,2014,6,16,23,14,0,-731630,68060,144,3.7,3.7
1192,2014,6,17,4,15,0,-731550,68320,143,3.3,3.3
1193,2014,6,18,0,52,0,-731530,68330,144,3.3,3.3
1194,2014,6,18,2,34,0,-731530,68070,142,3.2,3.2
1195,2014,6,20,3,7,0,-731300,68450,146,3.2,3.2
1196,2014,6,22,6,47,0,-731750,68010,137,3.5,3.5
1197,2014,6,23,18,37,0,-731540,68060,144,3.2,3.2
1198,2014,6,23,23,10,0,-731750,68190,139,3.2,3.2
1199,2014,6,25,19,13,0,-731440,67920,146,3.3,3.3
1200,2014,7,4,1,41,0,-731510,67940,141,3.5,3.5
1201,2014,7,4,21,51,0,-731450,68210,144,3.4,3.4
1202,2014,7,9,19,55,0,-731390,68210,149,3.7,3.7
1203,2014,7,10,1,22,0,-730840,68090,148,3.2,3.2
1204,2014,7,15,10,14,0,-731650,68230,144,3.4,3.4
1205,2014,7,17,12,18,0,-731700,68210,144,3.3,3.3
1206,2014,7,17,17,20,0,-731480,68350,139,3.2,3.2
1207,2014,7,20,0,58,0,-731560,68290,146,3.4,3.4
1208,2014,7,20,13,42,0,-731540,68080,139,3.2,3.2
1209,2014,7,22,2,32,0,-731390,67910,143,3.4,3.4
1210,2014,7,25,0,13,0,-731510,67970,141,3.5,3.5
1211,2014,7,25,14,4,0,-731520,68240,146,3.4,3.4
1212,2014,7,26,21,20,0,-731660,68100,136,3.2,3.2
1213,2014,7,28,23,15,0,-731680,68030,135,3.6,3.6
1214,2014,7,30,9,49,0,-731650,68000,138,3.3,3.3
1215,2014,7,30,23,2,0,-732730,68600,122,3.4,3.4
1216,2014,7,31,8,59,0,-731280,67960,144,3.2,3.2
1217,2014,8,7,11,17,0,-731650,68140,143,3.6,3.6
1218,2014,8,8,16,57,0,-731610,68090,137,3.2,3.2
1219,2014,8,9,13,19,0,-731690,68200,144,3.2,3.2
1220,2014,8,20,5,18,0,-731460,68040,143,3.5,3.5
1221,2014,8,20,11,31,0,-731690,68220,142,3.1,3.1
1222,2014,8,22,2,14,0,-731530,68080,151,3.8,3.8
1223,2014,8,23,22,34,0,-731190,68110,152,3.2,3.2
1224,2014,8,26,6,37,0,-731580,68140,144,3.6,3.6
1225,2014,8,29,4,5,0,-731410,68170,142,3.3,3.3
1226,2014,8,30,5,4,0,-731320,68060,149,3.7,3.7
1227,2014,9,1,23,32,0,-731580,68190,143,3.7,3.7
1228,2014,9,6,22,38,0,-731900,68270,142,3.4,3.4
1229,2014,9,8,12,18,0,-731600,68020,148,3.6,3.6
1230,2014,9,9,14,25,0,-731260,68040,143,3.2,3.2
1231,2014,9,11,13,43,0,-731420,68000,148,3.6,3.6
1232,2014,9,12,7,38,0,-731540,68180,146,3.5,3.5
1233,2014,9,21,19,18,0,-731440,68220,147,3.7,3.7
1234,2014,9,25,8,35,0,-731480,68330,153,3.5,3.5
1235,2014,9,27,14,48,0,-731550,68320,142,3.3,3.3
1236,2014,9,30,12,53,0,-731760,68160,144,3.5,3.5
1237,2014,10,2,7,58,0,-731390,68220,151,3.4,3.4
1238,2014,10,2,17,9,0,-731520,68050,149,3.5,3.5
1239,2014,10,2,21,17,0,-731540,68120,148,3.4,3.4
1240,2014,10,7,16,17,0,-731800,68230,142,3.5,3.5
1241,2014,10,8,13,44,0,-731470,68110,146,3.6,3.6
1242,2014,10,8,17,44,0,-731510,68190,145,3.4,3.4
1243,2014,10,16,2,29,0,-731430,68310,155,3.8,3.8
1244,2014,10,19,12,24,0,-731420,68290,149,3.7,3.7
1245,2014,10,21,6,21,0,-731390,67960,147,3.6,3.6
1246,2014,10,22,8,53,0,-731750,68320,144,3.2,3.2
1247,2014,10,27,0,13,0,-731260,68050,150,3.6,3.6
1248,2014,10,27,0,24,0,-731430,67990,149,3.5,3.5
1249,2014,10,31,7,49,0,-731350,67990,145,3.8,3.8
1250,2014,11,3,0,2,0,-731110,67950,150,3.3,3.3
1251,2014,11,9,19,0,0,-731520,68130,150,3.5,3.5
1252,2014,11,10,14,49,0,-731610,68310,153,3.6,3.6
1253,2014,11,11,19,48,0,-731540,68230,149,3.3,3.3
1254,2014,11,14,20,32,0,-731630,68550,143,3.4,3.4
1255,2014,11,14,23,33,0,-731490,68070,145,3.3,3.3
1256,2014,11,21,8,45,0,-731540,68060,141,3.4,3.4
1257,2014,11,24,0,44,0,-731460,68360,142,3.5,3.5
1258,2014,11,24,5,22,0,-731400,68180,150,3.2,3.2
1259,2014,11,24,15,42,0,-731490,68240,142,3.6,3.6
1260,2014,11,26,0,38,0,-731420,68060,144,3.2,3.2
1261,2014,11,26,8,31,0,-731360,68120,148,3.6,3.6
1262,2014,11,29,8,27,0,-731420,68050,147,3.4,3.4
1263,2014,11,30,22,43,0,-731660,68180,143,3.6,3.6
1264,2014,12,1,11,23,0,-731500,68160,139,3.4,3.4
1265,2014,12,5,2,47,0,-731350,68340,147,3.6,3.6
1266,2014,12,5,21,1,0,-731380,68250,147,3.5,3.5
1267,2014,12,10,0,59,0,-731550,68330,148,3.4,3.4
1268,2014,12,10,7,54,0,-731530,68190,145,3.5,3.5
1269,2014,12,16,3,51,0,-731380,68290,143,3.4,3.4
1270,2014,12,17,20,53,0,-731490,68050,151,3.2,3.2
1271,2014,12,18,21,9,0,-731510,68170,142,3.4,3.4
1272,2014,12,19,14,50,0,-731500,68120,146,3.7,3.7
1273,2011,11,25,0,6,0,-732110,68170,169,2.2,2.2
1274,2012,4,30,6,10,0,-730600,67650,157,2.6,2.6
1275,2012,4,30,1,34,0,-730770,67700,178,2.5,2.5
1276,2012,4,29,6,57,0,-731280,67350,172,2.6,2.6
1277,2012,4,29,4,15,0,-730940,67570,173,2.9,2.9
1278,2012,4,29,2,33,0,-731310,67560,166,3,3
1279,2012,4,28,5,5,0,-730940,67580,168,2.8,2.8
1280,2012,4,27,14,14,0,-730140,68690,186,2.3,2.3
1281,2012,3,16,2,48,0,-731490,67510,163,2.6,2.6
1282,2012,3,31,4,20,0,-731520,68330,162,2.9,2.9
1283,2012,3,30,22,19,0,-730700,66710,172,2.5,2.5
1284,2012,12,11,7,21,0,-732160,68460,10,2.2,2.2
1285,2012,11,25,18,20,0,-731160,67530,167,2.8,2.8
1286,2012,8,26,4,38,0,-730970,68110,171,2.5,2.5
1287,2017,4,2,17,50,0,-731240,67970,146,3.6,3.6
1288,2015,1,2,15,6,0,-731510,68260,144,3.5,3.5
1289,2015,1,3,14,26,0,-731600,68150,147,3.3,3.3
1290,2015,1,5,19,21,0,-731510,68460,145,3.4,3.4
1291,2015,1,8,4,5,0,-731490,68230,149,3.2,3.2
1292,2015,1,9,4,56,0,-731730,68120,147,3.3,3.3
1293,2015,1,12,17,1,0,-731740,68120,142,3.4,3.4
1294,2015,1,18,5,5,0,-731320,68150,145,3.3,3.3
1295,2015,1,20,21,36,0,-731500,68050,144,3.2,3.2
1296,2015,1,21,1,26,0,-731240,68320,150,3.6,3.6
1297,2015,1,22,23,37,0,-731370,68200,146,3.2,3.2
1298,2015,1,28,8,6,0,-731450,68090,143,3.1,3.1
1299,2015,1,28,16,11,0,-731540,67960,142,3.5,3.5
1300,2015,1,31,4,18,0,-731490,68190,142,3.1,3.1
1301,2015,1,31,16,11,0,-731190,67970,152,3.2,3.2
1302,2015,2,2,21,20,0,-731340,68010,150,3.5,3.5
1303,2015,2,3,14,19,0,-731360,68270,147,3.4,3.4
1304,2015,2,4,16,44,0,-731530,68220,145,3.2,3.2
1305,2015,2,5,9,27,0,-731870,68230,140,3.4,3.4
1306,2015,2,5,17,21,0,-731450,68350,145,3.3,3.3
1307,2015,2,6,6,57,0,-731400,68050,152,3.2,3.2
1308,2015,2,7,19,20,0,-731630,68310,140,3.3,3.3
1309,2015,2,15,0,55,0,-731360,68140,146,3.4,3.4
1310,2015,2,15,16,36,0,-731730,68260,137,3.3,3.3
1311,2015,2,22,13,23,0,-731530,68020,147,3.4,3.4
1312,2015,2,22,22,22,0,-731800,68190,142,3.4,3.4
1313,2015,2,24,2,28,0,-731560,67790,145,3.3,3.3
1314,2015,3,6,6,6,0,-731490,68100,141,3.3,3.3
1315,2015,3,10,15,24,0,-731440,68070,145,3.2,3.2
1316,2015,3,21,14,39,0,-731170,68100,151,3.4,3.4
1317,2015,3,22,16,10,0,-731570,68270,147,3.3,3.3
1318,2015,3,23,1,51,0,-731660,68260,140,3.4,3.4
1319,2015,3,24,0,11,0,-731180,68170,152,3.3,3.3
1320,2015,3,27,20,10,0,-731430,68780,148,3.3,3.3
1321,2015,3,31,7,15,0,-731340,68240,144,3.2,3.2
1322,2015,4,2,13,0,0,-731430,68080,144,3.5,3.5
1323,2015,4,3,5,29,0,-731400,68010,143,3.1,3.1
1324,2015,4,6,3,25,0,-731210,68360,145,3.2,3.2
1325,2015,4,6,4,30,0,-731410,68350,143,3.4,3.4
1326,2015,4,7,13,10,0,-731510,68080,145,3.3,3.3
1327,2015,4,9,17,28,0,-731480,68160,148,3.3,3.3
1328,2015,4,10,2,0,0,-731350,68220,145,3.4,3.4
1329,2015,4,12,23,45,0,-731380,68200,140,3.4,3.4
1330,2015,4,21,3,43,0,-731420,68310,145,3.4,3.4
1331,2015,4,30,6,23,0,-731410,68090,150,3.5,3.5
1332,2015,5,3,1,38,0,-731250,68070,145,3.3,3.3
1333,2015,5,3,20,54,0,-731270,68020,152,3.2,3.2
1334,2015,5,6,19,46,0,-731520,68270,142,3.5,3.5
1335,2015,5,7,17,50,0,-731500,68170,142,3.3,3.3
1336,2015,5,8,16,17,0,-731280,68100,150,3.7,3.7
1337,2015,5,8,19,8,0,-731450,68170,146,3.7,3.7
1338,2015,5,9,21,54,0,-731160,68160,144,3.2,3.2
1339,2015,5,10,1,47,0,-731310,68140,148,3.7,3.7
1340,2015,5,10,22,27,0,-731060,68280,140,3.4,3.4
1341,2015,5,13,4,34,0,-731160,68240,149,3.3,3.3
1342,2015,5,13,12,4,0,-731350,67990,148,3.5,3.5
1343,2015,5,15,9,57,0,-731250,68150,153,3.5,3.5
1344,2015,5,15,20,14,0,-731400,68310,146,3.4,3.4
1345,2015,5,17,6,12,0,-731200,68000,149,3.2,3.2
1346,2015,5,19,5,20,0,-731290,68050,143,3.5,3.5
1347,2015,5,19,9,21,0,-731320,68120,144,3.3,3.3
1348,2015,5,20,1,4,0,-731450,68120,147,3.4,3.4
1349,2015,5,25,22,34,0,-731390,68210,145,3.6,3.6
1350,2015,5,30,20,46,0,-731740,68020,147,3.2,3.2
1351,2015,5,31,11,40,0,-730880,68140,146,3.5,3.5
1352,2015,6,2,22,20,0,-731140,67960,143,3.3,3.3
1353,2015,6,3,1,57,0,-731330,68030,141,3.2,3.2
1354,2015,6,5,1,41,0,-731190,68130,145,3.3,3.3
1355,2015,6,6,9,3,0,-731080,68110,151,3.4,3.4
1356,2015,6,10,12,33,0,-731330,68120,147,3.6,3.6
1357,2015,6,11,4,34,0,-731500,68000,140,3.6,3.6
1358,2015,6,11,5,35,0,-731290,68030,142,3.9,3.9
1359,2015,6,12,4,53,0,-731240,68260,146,3.3,3.3
1360,2015,6,14,4,42,0,-731050,68000,148,3.6,3.6
1361,2015,6,14,6,6,0,-731270,68120,149,3.4,3.4
1362,2015,6,16,3,34,0,-731080,68300,148,3.3,3.3
1363,2015,6,23,12,42,0,-731040,68290,148,4.2,4.2
1364,2015,6,23,17,8,0,-731220,68110,149,3.5,3.5
1365,2015,6,27,23,47,0,-731190,68130,147,3.7,3.7
1366,2015,6,29,1,15,0,-731540,68220,140,3.5,3.5
1367,2015,6,29,22,24,0,-731240,68190,142,3.8,3.8
1368,2015,7,1,12,11,0,-731140,68000,147,3.4,3.4
1369,2015,7,1,17,18,0,-730380,68410,156,3.2,3.2
1370,2015,7,1,22,8,0,-731400,68120,146,3.4,3.4
1371,2015,7,8,2,9,0,-730900,68190,143,3.2,3.2
1372,2015,7,10,9,22,0,-731140,68010,148,3.3,3.3
1373,2015,7,10,14,43,0,-730600,68770,147,3.6,3.6
1374,2015,7,11,8,52,0,-730910,68100,151,3.5,3.5
1375,2015,7,13,22,46,0,-731310,68270,142,3.5,3.5
1376,2015,7,15,4,29,0,-731310,68180,147,3.6,3.6
1377,2015,7,18,16,6,0,-731590,68260,144,3.6,3.6
1378,2015,7,20,4,3,0,-731160,68060,144,3.5,3.5
1379,2015,7,22,17,3,0,-731580,68360,141,3.4,3.4
1380,2015,7,23,16,37,0,-731400,68370,137,3.3,3.3
1381,2015,7,27,16,50,0,-731250,68340,145,3.5,3.5
1382,2015,7,30,6,11,0,-730920,68040,142,3.3,3.3
1383,2015,8,1,10,22,0,-731450,68280,140,3.1,3.1
1384,2015,8,2,16,31,0,-731130,68130,145,3.4,3.4
1385,2015,8,4,0,30,0,-731350,68270,146,3.6,3.6
1386,2015,8,5,3,33,0,-731190,68130,151,3.5,3.5
1387,2015,8,5,7,43,0,-731040,68440,156,3.8,3.8
1388,2015,8,5,22,43,0,-731390,68150,141,3.7,3.7
1389,2015,8,9,22,36,0,-731460,68130,144,3.3,3.3
1390,2015,8,10,8,43,0,-731320,68310,146,3.3,3.3
1391,2015,8,11,0,14,0,-731190,68310,144,3.2,3.2
1392,2015,8,12,8,55,0,-731400,68550,144,3.6,3.6
1393,2015,8,12,9,36,0,-731460,68270,143,3.7,3.7
1394,2015,8,13,3,36,0,-731260,68240,145,3.1,3.1
1395,2015,8,14,5,25,0,-731030,68060,145,3.5,3.5
1396,2015,8,14,12,39,0,-731330,67910,146,3.3,3.3
1397,2015,8,17,4,34,0,-731030,68020,146,3.5,3.5
1398,2015,8,18,5,29,0,-731230,68080,148,3.5,3.5
1399,2015,8,19,21,13,0,-731440,68200,146,3.3,3.3
1400,2015,8,20,4,46,0,-731400,68220,142,3.3,3.3
1401,2015,8,21,2,10,0,-731470,68050,146,3.6,3.6
1402,2015,8,25,11,20,0,-731210,68120,144,3.2,3.2
1403,2015,8,30,8,10,0,-731110,68160,147,3.5,3.5
1404,2015,9,4,12,58,0,-731390,68030,140,3.1,3.1
1405,2015,9,4,19,16,0,-731430,68070,146,3.3,3.3
1406,2015,9,5,7,52,0,-731320,68200,144,3.7,3.7
1407,2015,9,6,8,43,0,-731140,68230,148,3.7,3.7
1408,2015,9,9,7,13,0,-731420,68190,144,3.2,3.2
1409,2015,9,10,11,2,0,-731350,68160,145,3.2,3.2
1410,2015,9,11,10,10,0,-731340,68260,142,3.2,3.2
1411,2015,9,11,10,28,0,-731380,68310,145,3.3,3.3
1412,2015,9,11,12,58,0,-731290,68780,146,3,3
1413,2015,9,12,14,25,0,-731380,68090,147,3.8,3.8
1414,2015,9,12,16,41,0,-731490,68120,146,3.2,3.2
1415,2015,9,15,13,35,0,-731220,67940,148,3.4,3.4
1416,2015,9,16,19,20,0,-731570,68150,145,3.5,3.5
1417,2015,9,17,2,34,0,-731100,67990,152,3.4,3.4
1418,2015,9,17,16,9,0,-731620,68180,143,3.3,3.3
1419,2015,9,18,3,3,0,-731500,68110,146,3.3,3.3
1420,2015,9,19,1,50,0,-731400,68160,149,3.7,3.7
1421,2015,9,21,8,29,0,-731590,68150,146,3.6,3.6
1422,2015,9,22,17,1,0,-731460,68060,147,3.5,3.5
1423,2015,9,25,19,27,0,-731210,68160,149,3.7,3.7
1424,2015,9,27,18,9,0,-730880,67970,148,3.3,3.3
1425,2015,9,27,23,14,0,-731290,68200,141,3.6,3.6
1426,2015,9,28,6,43,0,-731250,68230,142,3.5,3.5
1427,2015,9,29,10,31,0,-731160,68080,150,3.3,3.3
1428,2015,9,30,23,10,0,-731280,67880,143,3.7,3.7
1429,2015,10,1,0,39,0,-731520,68250,147,3.5,3.5
1430,2015,10,1,1,59,0,-731340,68120,150,3.8,3.8
1431,2015,10,3,1,29,0,-731350,68060,144,3.2,3.2
1432,2015,10,3,7,6,0,-731450,68420,138,3.1,3.1
1433,2015,10,4,23,53,0,-731250,67930,147,2.8,2.8
1434,2015,10,12,3,18,0,-731460,67970,141,3.7,3.7
1435,2015,10,12,9,43,0,-731340,68110,146,3.3,3.3
1436,2015,10,12,19,52,0,-731040,68260,149,3.4,3.4
1437,2015,10,14,1,23,0,-731130,67990,140,3.3,3.3
1438,2015,10,14,5,37,0,-731270,68180,142,3.2,3.2
1439,2015,10,15,10,58,0,-731350,68130,141,3.2,3.2
1440,2015,10,16,7,44,0,-731500,68060,142,3.3,3.3
1441,2015,10,17,3,20,0,-731230,68010,149,3.3,3.3
1442,2015,10,17,19,51,0,-731270,68210,142,3.4,3.4
1443,2015,10,17,21,15,0,-730880,68120,147,3.2,3.2
1444,2015,10,19,11,3,0,-731290,68300,153,3.4,3.4
1445,2015,10,21,6,55,0,-731400,68170,143,3.2,3.2
1446,2015,10,21,22,5,0,-731180,68090,146,3.3,3.3
1447,2015,10,27,8,5,0,-731240,68110,146,3.3,3.3
1448,2015,10,27,15,40,0,-731150,68040,151,3.3,3.3
1449,2015,10,28,5,7,0,-731170,68050,149,3.1,3.1
1450,2015,10,28,8,45,0,-731410,68080,144,3.7,3.7
1451,2015,10,29,14,5,0,-731180,68190,151,3.5,3.5
1452,2015,10,30,15,36,0,-731080,68180,145,3.2,3.2
1453,2015,10,30,19,8,0,-731380,67930,144,3.5,3.5
1454,2015,10,31,19,53,0,-731520,68160,148,3.3,3.3
1455,2015,11,1,1,27,0,-731480,68120,147,3.3,3.3
1456,2015,11,1,7,24,0,-731510,68210,142,3.2,3.2
1457,2015,11,6,1,35,0,-731090,67940,148,3.5,3.5
1458,2015,11,9,16,14,0,-731440,68150,148,3.7,3.7
1459,2015,11,11,20,26,0,-731320,68160,146,3.6,3.6
1460,2015,11,12,16,0,0,-731470,68190,146,3.4,3.4
1461,2015,11,14,4,25,0,-731060,68980,155,3.5,3.5
1462,2015,11,15,13,33,0,-731560,67990,141,3.8,3.8
1463,2015,11,17,14,33,0,-731260,68150,148,3.2,3.2
1464,2015,11,17,15,4,0,-731000,68110,148,3.2,3.2
1465,2015,11,18,3,34,0,-731010,68330,149,3.2,3.2
1466,2015,11,18,18,9,0,-730940,68060,148,3.2,3.2
1467,2015,11,20,21,40,0,-731400,68170,146,3.6,3.6
1468,2015,11,22,16,33,0,-731330,68260,149,3.4,3.4
1469,2015,11,25,21,54,0,-731540,68280,145,3.6,3.6
1470,2015,11,28,19,54,0,-731260,68240,150,3.3,3.3
1471,2015,11,29,10,40,0,-731670,68360,145,3.3,3.3
1472,2015,11,29,22,37,0,-731260,68150,145,3.3,3.3
1473,2015,11,30,13,17,0,-731380,68100,150,3.7,3.7
1474,2015,12,6,3,24,0,-731290,68060,142,3.2,3.2
1475,2015,12,6,20,45,0,-731510,68230,144,3.2,3.2
1476,2015,12,7,7,9,0,-731480,68280,143,3.1,3.1
1477,2015,12,8,8,54,0,-731110,68240,152,3.5,3.5
1478,2015,12,8,18,42,0,-731370,68090,144,3.1,3.1
1479,2015,12,9,6,24,0,-731090,68000,149,3.4,3.4
1480,2015,12,9,13,33,0,-731190,68080,148,3.5,3.5
1481,2015,12,9,16,11,0,-731090,68070,145,3.5,3.5
1482,2015,12,11,17,42,0,-731490,68070,147,3.4,3.4
1483,2015,12,11,21,21,0,-731250,68130,148,3.7,3.7
1484,2015,12,15,6,23,0,-731240,68020,149,3.4,3.4
1485,2015,12,17,20,40,0,-731170,68120,148,3.4,3.4
1486,2015,12,17,23,16,0,-731420,68130,147,3.3,3.3
1487,2015,12,18,10,38,0,-731460,68060,142,3.3,3.3
1488,2015,12,21,10,50,0,-731650,68360,147,3.5,3.5
1489,2015,12,24,16,6,0,-731170,68330,140,3.2,3.2
1490,2016,1,1,23,55,0,-731200,68070,149,3.4,3.4
1491,2016,1,2,20,35,0,-731010,68320,149,3.5,3.5
1492,2016,1,3,21,30,0,-731040,68290,146,3.2,3.2
1493,2016,1,4,8,57,0,-731200,68030,152,3.5,3.5
1494,2016,1,11,16,5,0,-731760,68290,144,3.3,3.3
1495,2016,1,12,18,27,0,-731630,67970,146,3,3
1496,2016,1,13,8,31,0,-731360,68170,148,3.3,3.3
1497,2016,1,14,11,21,0,-731590,68240,146,3.1,3.1
1498,2016,1,17,9,53,0,-731490,68190,141,3.3,3.3
1499,2016,1,19,18,8,0,-731370,68200,148,3.2,3.2
1500,2016,1,19,22,15,0,-731550,68290,149,3.5,3.5
1501,2016,1,19,23,21,0,-731430,68220,147,3.3,3.3
1502,2016,1,20,21,57,0,-731280,68240,145,3.4,3.4
1503,2016,1,21,19,15,0,-731740,68080,140,3.2,3.2
1504,2016,1,21,20,31,0,-731470,68300,149,3.2,3.2
1505,2016,1,22,10,27,0,-731180,68280,148,3.2,3.2
1506,2016,1,22,14,55,0,-731310,68310,140,3.1,3.1
1507,2016,1,24,1,35,0,-731370,68210,148,3.3,3.3
1508,2016,1,26,12,4,0,-730790,68350,148,3,3
1509,2016,1,27,11,16,0,-731590,68070,144,3.1,3.1
1510,2016,1,29,8,55,0,-731510,68390,148,3.3,3.3
1511,2016,1,29,19,41,0,-731080,68370,149,3.3,3.3
1512,2016,1,30,17,44,0,-731440,68300,145,3.2,3.2
1513,2016,1,31,15,22,0,-731450,68230,145,3.2,3.2
1514,2016,1,31,21,28,0,-731420,68150,141,3.4,3.4
1515,2016,2,3,8,30,0,-731050,68140,144,3.6,3.6
1516,2016,2,4,6,31,0,-731680,68290,139,3.6,3.6
1517,2016,2,6,4,45,0,-731450,68250,144,3.4,3.4
1518,2016,2,6,10,23,0,-730990,68220,152,3.5,3.5
1519,2016,2,6,14,34,0,-731170,68230,150,3.5,3.5
1520,2016,2,6,14,56,0,-731280,68170,144,3.4,3.4
1521,2016,2,7,2,19,0,-731910,68140,145,3.5,3.5
1522,2016,2,8,8,35,0,-731550,68000,139,3.2,3.2
1523,2016,2,9,6,16,0,-731030,68420,146,3.4,3.4
1524,2016,2,11,0,23,0,-730970,68310,151,3.6,3.6
1525,2016,2,19,1,45,0,-731120,68270,150,3.7,3.7
1526,2016,2,20,9,34,0,-731200,68240,148,3.7,3.7
1527,2016,2,20,9,36,0,-731320,68320,150,3.8,3.8
1528,2016,2,25,8,4,0,-731550,68120,142,3.5,3.5
1529,2016,2,27,16,5,0,-731570,68380,142,3.8,3.8
1530,2016,2,29,4,52,0,-731140,67880,153,3.5,3.5
1531,2016,3,1,0,23,0,-731260,68240,147,3.4,3.4
1532,2016,3,3,0,45,0,-731590,68060,144,3.3,3.3
1533,2016,3,4,5,53,0,-731560,68220,147,3.4,3.4
1534,2016,3,4,12,42,0,-731470,68190,142,3.4,3.4
1535,2016,3,6,22,42,0,-731790,68360,143,3.4,3.4
1536,2016,3,8,9,19,0,-731350,68780,148,3.2,3.2
1537,2016,3,9,12,46,0,-731400,68350,144,3.4,3.4
1538,2016,3,10,1,22,0,-731540,68120,144,3.5,3.5
1539,2016,3,10,19,42,0,-731340,68580,152,3.7,3.7
1540,2016,3,11,7,30,0,-731570,68220,145,3.3,3.3
1541,2016,3,12,15,13,0,-731330,68170,148,3.4,3.4
1542,2016,3,14,22,30,0,-731650,68550,147,3.4,3.4
1543,2016,3,20,13,21,0,-731690,67980,141,3.5,3.5
1544,2016,3,22,1,14,0,-731230,68340,145,3.2,3.2
1545,2016,3,22,12,44,0,-731750,68290,140,3.2,3.2
1546,2016,3,23,6,46,0,-731460,68520,150,3.3,3.3
1547,2016,3,31,3,8,0,-731570,68260,148,3.6,3.6
1548,2016,4,8,8,41,0,-731260,68050,143,3.7,3.7
1549,2016,4,16,23,25,0,-731380,68220,143,3.5,3.5
1550,2016,4,19,13,39,0,-731980,68300,144,3.5,3.5
1551,2016,4,22,12,44,0,-731290,68400,145,3.3,3.3
1552,2016,4,24,2,38,0,-731490,68150,146,3.3,3.3
1553,2016,4,25,6,8,0,-731570,68400,146,3.4,3.4
1554,2016,4,25,20,40,0,-731270,68280,145,3.6,3.6
1555,2016,4,27,22,45,0,-731400,68310,145,3.6,3.6
1556,2016,4,29,23,0,0,-731510,68250,138,3.5,3.5
1557,2016,5,4,18,19,0,-731260,68330,149,3.5,3.5
1558,2016,5,7,11,46,0,-731500,68150,145,3.3,3.3
1559,2016,5,7,16,36,0,-731410,68140,142,3.8,3.8
1560,2016,5,8,7,49,0,-731560,68110,148,3.7,3.7
1561,2016,5,8,20,38,0,-731530,68110,146,3.5,3.5
1562,2016,5,11,0,37,0,-731280,68220,149,3.4,3.4
1563,2016,5,13,19,47,0,-731280,68280,147,3.6,3.6
1564,2016,5,14,11,48,0,-731590,68400,140,3.3,3.3
1565,2016,5,15,8,13,0,-731560,68250,148,3.2,3.2
1566,2016,5,19,6,27,0,-731140,68290,149,3.6,3.6
1567,2016,5,25,18,58,0,-731380,68010,144,3.3,3.3
1568,2016,5,26,6,6,0,-730700,67710,152,3.3,3.3
1569,2016,5,26,16,29,0,-731370,68270,148,3.4,3.4
1570,2016,5,30,3,11,0,-731500,68680,149,3.4,3.4
1571,2016,6,4,9,25,0,-731310,68340,146,3.4,3.4
1572,2016,6,8,2,20,0,-731120,68450,158,3.6,3.6
1573,2016,6,9,16,2,0,-731590,68010,136,3.5,3.5
1574,2016,6,13,19,45,0,-731440,67890,140,3.1,3.1
1575,2016,6,15,18,7,0,-731470,68130,147,3.4,3.4
1576,2016,6,18,13,18,0,-731520,68250,147,3.5,3.5
1577,2016,6,19,21,56,0,-731190,68220,147,3.4,3.4
1578,2016,6,20,14,4,0,-731530,68170,145,3.6,3.6
1579,2016,6,27,21,34,0,-731290,67810,143,3.7,3.7
1580,2016,7,7,23,0,0,-731540,68150,146,3.7,3.7
1581,2016,7,11,19,48,0,-731300,67700,141,3.8,3.8
1582,2016,7,11,22,11,0,-731600,68280,152,3.5,3.5
1583,2016,7,12,23,49,0,-731220,67970,146,3.8,3.8
1584,2016,7,14,17,36,0,-731460,67930,144,3.4,3.4
1585,2016,7,22,9,57,0,-731310,68020,144,3.4,3.4
1586,2016,7,25,0,37,0,-731060,68260,155,3.9,3.9
1587,2016,7,27,23,41,0,-731590,68060,143,3.6,3.6
1588,2016,7,30,0,4,0,-731410,68180,150,3.5,3.5
1589,2016,8,1,19,52,0,-731300,68180,150,3.7,3.7
1590,2016,8,1,20,54,0,-731340,68110,150,3.7,3.7
1591,2016,8,2,2,57,0,-731300,68610,154,3.7,3.7
1592,2016,8,3,16,50,0,-731620,68170,148,3.4,3.4
1593,2016,8,7,11,5,0,-731320,68040,148,3.4,3.4
1594,2016,8,9,9,21,0,-731750,68060,145,3.5,3.5
1595,2016,8,10,17,2,0,-731550,68320,148,3.7,3.7
1596,2016,8,16,6,18,0,-731270,68170,149,3.5,3.5
1597,2016,8,19,7,40,0,-731040,68050,151,3.5,3.5
1598,2016,8,19,15,9,0,-731610,68180,145,3.6,3.6
1599,2016,8,26,19,16,0,-731400,68490,146,2.5,2.5
1600,2016,8,27,7,2,0,-731220,68380,149,3.5,3.5
1601,2016,8,30,17,21,0,-731510,68280,150,3.4,3.4
1602,2016,8,31,2,21,0,-731480,68060,153,3.6,3.6
1603,2016,9,8,9,41,0,-731370,68040,150,3.6,3.6
1604,2016,9,10,0,16,0,-731550,68030,145,3.3,3.3
1605,2016,9,10,20,20,0,-731240,68140,150,3.6,3.6
1606,2016,9,12,3,21,0,-731150,68270,154,3.8,3.8
1607,2016,9,17,18,12,0,-731440,68070,143,3.3,3.3
1608,2016,9,19,12,41,0,-731260,68260,146,3.3,3.3
1609,2016,9,19,15,10,0,-731270,68310,152,3.5,3.5
1610,2016,9,19,23,27,0,-731460,68170,146,3.4,3.4
1611,2016,9,23,14,17,0,-731320,68280,146,3.7,3.7
1612,2016,9,29,14,14,0,-731170,68140,150,3.7,3.7
1613,2016,10,2,7,55,0,-731530,68170,145,3.6,3.6
1614,2016,10,4,1,37,0,-731280,67940,144,3.6,3.6
1615,2016,10,5,10,51,0,-731430,68110,147,3.4,3.4
1616,2016,10,7,16,38,0,-731850,68110,142,3.7,3.7
1617,2016,10,8,9,50,0,-731260,68220,146,3.5,3.5
1618,2016,10,9,4,56,0,-731610,68260,143,3.5,3.5
1619,2016,10,14,23,35,0,-731400,68110,148,3.4,3.4
1620,2016,10,16,1,46,0,-731470,68110,146,3.6,3.6
1621,2016,10,19,21,24,0,-731390,67940,143,3.5,3.5
1622,2016,10,20,8,35,0,-731410,67830,146,3.7,3.7
1623,2016,10,24,8,55,0,-731440,68100,147,3.4,3.4
1624,2016,10,29,18,5,0,-731230,68200,148,3.7,3.7
1625,2016,10,30,9,28,0,-731550,68090,147,3.6,3.6
1626,2016,10,31,6,40,0,-731140,68070,149,3.4,3.4
1627,2016,12,1,2,18,0,-731410,67860,148,3.8,3.8
1628,2016,12,8,6,12,0,-731520,67830,145,3.7,3.7
1629,2016,12,12,3,39,0,-731350,67910,148,3.6,3.6
1630,2016,12,13,17,15,0,-731740,67940,145,3.8,3.8
1631,2016,12,13,21,27,0,-731020,67700,145,3.6,3.6
1632,2016,12,16,21,45,0,-731630,68100,146,3.6,3.6
1633,2016,12,17,23,32,0,-731610,68090,146,3.5,3.5
1634,2016,12,21,3,51,0,-731510,67780,145,3.6,3.6
1635,2016,12,29,4,22,0,-731490,68280,148,3.5,3.5
1636,2016,6,26,5,29,0,-731420,67970,144,3.6,3.6
1637,2016,11,1,19,56,0,-731460,67940,142,3.3,3.3
1638,2016,11,1,5,46,0,-731620,67790,146,3.6,3.6
1639,2016,11,2,10,25,0,-731640,68390,147,3.4,3.4
1640,2016,11,5,16,52,0,-731920,68430,144,3.4,3.4
1641,2016,11,6,13,54,0,-731680,68060,146,3.6,3.6
1642,2016,11,7,2,51,0,-731420,67980,145,3.4,3.4
1643,2016,11,9,3,5,0,-731500,67810,144,3.6,3.6
1644,2016,11,11,1,10,0,-731490,68050,146,3.5,3.5
1645,2016,11,12,11,10,0,-731510,68050,145,3.9,3.9
1646,2016,11,14,8,33,0,-731330,67880,150,3.8,3.8
1647,2016,11,15,10,26,0,-731320,67670,139,3.4,3.4
1648,2016,11,18,18,32,0,-731460,68350,151,3.4,3.4
1649,2016,11,18,15,24,0,-731560,68220,151,3.5,3.5
1650,2016,11,22,17,53,0,-731490,68440,156,3.6,3.6
1651,2016,11,23,1,54,0,-731500,68130,150,3.7,3.7
1652,2016,11,25,22,3,0,-731590,68130,147,3.5,3.5
1653,2016,11,26,13,11,0,-731720,68300,148,3.6,3.6
1654,2016,11,30,21,11,0,-731400,67830,143,3.4,3.4
1655,2016,11,30,14,9,0,-731460,67920,143,3.5,3.5
1656,2017,8,12,0,1,0,-731180,67940,139,3.6,3.6
1657,2017,8,12,19,38,0,-731400,68270,148,3.6,3.6
1658,2017,8,27,21,10,0,-731360,68190,156,3.8,3.8
1659,2017,8,30,17,2,0,-731460,68250,147,3.3,3.3
1660,2017,9,4,18,44,0,-731560,68280,148,3.8,3.8
1661,2017,9,10,21,36,0,-731310,68330,151,3.8,3.8
1662,2017,9,15,17,41,0,-731310,68140,156,3.7,3.7
1663,2017,10,8,8,39,0,-731540,68260,150,3.6,3.6
1664,2017,10,10,22,19,0,-731250,68640,146,3.6,3.6
1665,2017,10,19,6,5,0,-731450,68200,147,3.7,3.7
1666,2017,10,26,13,13,0,-731000,68380,155,3.6,3.6
1667,2017,10,31,12,16,0,-731360,67950,145,3.8,3.8
1668,2017,11,6,20,46,0,-731440,68600,148,3.4,3.4
1669,2017,11,7,13,5,0,-731510,68360,155,3.6,3.6
1670,2017,11,14,8,10,0,-731220,68620,152,3.8,3.8
1671,2017,11,16,8,42,0,-731200,68410,148,3.6,3.6
1672,2017,11,17,13,11,0,-731410,68440,149,3.5,3.5
1673,2017,11,21,13,27,0,-731200,68430,147,3.6,3.6
1674,2017,11,22,10,53,0,-731270,68270,141,3.3,3.3
1675,2017,11,26,12,9,0,-731360,68580,152,3.4,3.4
1676,2017,11,26,21,22,0,-731240,68410,146,3.3,3.3
1677,2017,12,1,9,24,0,-731590,68390,147,3.5,3.5
1678,2017,12,10,5,9,0,-731530,68270,143,3.5,3.5
1679,2017,12,15,5,20,0,-731580,68520,145,3.4,3.4
1680,2017,12,15,10,7,0,-731310,68330,144,3.5,3.5
1681,2017,12,18,16,40,0,-731370,68450,147,3.3,3.3
1682,2017,12,25,14,0,0,-731510,68500,147,3.5,3.5
1683,2017,1,4,9,41,0,-731600,67920,141,3.4,3.4
1684,2017,1,5,14,53,0,-731450,68260,147,3.5,3.5
1685,2017,1,8,9,18,0,-731620,68300,148,3.5,3.5
1686,2017,1,12,15,32,0,-731590,67780,140,3.7,3.7
1687,2017,1,14,22,40,0,-731420,67840,143,3.7,3.7
1688,2017,1,24,23,58,0,-731670,67970,144,3.3,3.3
1689,2017,1,31,10,51,0,-731680,68020,148,3.5,3.5
1690,2017,2,6,11,29,0,-731440,68230,150,3.7,3.7
1691,2017,2,19,13,35,0,-731240,67890,145,3.4,3.4
1692,2017,2,21,11,22,0,-731670,67770,144,3.6,3.6
1693,2017,2,23,22,50,0,-731620,68610,152,3.4,3.4
1694,2017,2,27,22,29,0,-731520,67780,147,3.6,3.6
1695,2017,3,6,18,54,0,-731560,68180,146,3.8,3.8
1696,2017,3,12,8,37,0,-731280,67970,147,3.2,3.2
1697,2017,3,12,11,16,0,-731550,68320,146,3.6,3.6
1698,2017,3,13,1,17,0,-731670,68040,148,3.7,3.7
1699,2017,3,14,20,4,0,-731530,67960,141,3.7,3.7
1700,2017,3,20,23,50,0,-731270,67730,142,3.6,3.6
1701,2017,3,21,7,18,0,-730770,68510,155,3.7,3.7
1702,2017,3,25,21,32,0,-731440,68250,149,3.4,3.4
1703,2017,3,26,2,47,0,-731580,68160,145,3.2,3.2
1704,2017,3,29,21,29,0,-731560,67750,138,3.6,3.6
1705,2017,3,31,2,3,0,-731320,68170,144,3.6,3.6
1706,2017,4,2,4,0,0,-731180,68530,155,3.6,3.6
1707,2017,4,14,18,28,0,-731430,67930,143,3.5,3.5
1708,2017,4,16,21,20,0,-731390,68210,147,3.6,3.6
1709,2017,4,27,13,23,0,-731320,68220,143,3.3,3.3
1710,2017,5,4,5,45,0,-731200,68550,156,3.5,3.5
1711,2017,5,6,22,53,0,-731750,68220,149,3.6,3.6
1712,2017,5,11,22,15,0,-731080,67960,150,3.3,3.3
1713,2017,5,17,2,52,0,-731340,68520,150,3.6,3.6
1714,2017,5,17,19,18,0,-731290,68120,144,3.4,3.4
1715,2017,5,19,11,5,0,-731500,68020,147,3.7,3.7
1716,2017,5,20,0,43,0,-731070,67610,142,3.4,3.4
1717,2017,5,20,15,56,0,-731350,67880,142,3.8,3.8
1718,2017,5,23,13,52,0,-731180,67960,155,3.9,3.9
1719,2017,5,31,10,23,0,-731220,68340,151,3.7,3.7
1720,2017,6,2,18,9,0,-730950,68600,151,3.8,3.8
1721,2017,6,10,11,40,0,-731610,68420,147,3.7,3.7
1722,2017,6,18,0,7,0,-731670,68210,152,3.4,3.4
1723,2017,6,19,1,23,0,-731410,68190,151,3.7,3.7
1724,2017,6,21,5,13,0,-731640,68340,148,3.4,3.4
1725,2017,6,23,4,22,0,-731170,68110,149,3.3,3.3
1726,2017,6,30,18,39,0,-731540,68010,141,3.5,3.5
1727,2017,7,18,14,46,0,-731440,68600,142,3.3,3.3
1728,2017,7,24,18,1,0,-731380,68420,145,3.7,3.7
1729,2017,8,5,22,34,0,-731300,67730,139,2.8,2.8
1730,2017,8,6,4,8,0,-731320,68140,152,3.4,3.4
1731,2019,5,11,9,56,0,-731400,69200,149,3.5,3.5
1732,2018,1,3,23,44,0,-731500,68350,147,3.4,3.4
1733,2018,1,9,22,57,0,-731530,68150,148,3.4,3.4
1734,2018,1,16,4,9,0,-731510,68630,147,3.4,3.4
1735,2018,1,17,4,19,0,-731910,68450,150,3.4,3.4
1736,2018,1,27,10,48,0,-731630,68500,147,3.3,3.3
1737,2018,1,27,15,58,0,-731980,68750,140,3.4,3.4
1738,2018,2,3,15,35,0,-731440,68220,150,3.3,3.3
1739,2018,2,7,2,54,0,-731650,68650,150,3.5,3.5
1740,2018,2,10,12,49,0,-731260,68640,147,3.6,3.6
1741,2018,2,13,7,9,0,-731440,68510,148,3.8,3.8
1742,2018,2,14,0,15,0,-731590,68650,147,4.2,4.2
1743,2018,2,19,10,11,0,-731590,68380,146,3.4,3.4
1744,2018,2,25,9,37,0,-731520,68420,144,3.6,3.6
1745,2019,5,10,3,52,0,-731200,68200,145,7.1,7.1
1746,2019,11,27,6,56,0,-731800,68200,146,4.8,4.8
1747,2004,11,19,0,20,0,-730940,68450,175,2.6,2.6
1748,2005,1,2,5,24,0,-732050,68110,167,1.8,1.8
1749,2005,1,8,4,9,0,-732210,68900,168,1.7,1.7
1750,2005,4,24,3,9,0,-731660,67390,160,2.4,2.4
1751,2005,12,23,4,53,0,-731230,67720,164,1.9,1.9
1752,2006,7,30,13,53,0,-731760,67470,146,1.9,1.9
1753,2006,7,31,6,20,0,-731670,67620,163,1.9,1.9
1754,2006,12,27,4,10,0,-731570,68250,159,2.3,2.3
