x1,x2,x3,x4,x5,x6,x7,y
-0.015637,0.000393,0.001141,0.001948,0.001923,2.6,2.6,2.6
0.00435,0.002341,0.001144,-0.013863,0.00154,1.8,1.8,1.8
0.00965,-0.001169,0.002329,-0.011194,0.00115,1.8,1.7,1.7
0.019663,0.000782,0.002322,-0.017689,0.000383,2.4,2.4,2.4
0.020841,-0.015637,0.000393,0.001948,0.001923,1.9,1.9,1.9
0.020959,0.002341,0.00435,-0.013863,0.00154,1.9,1.9,1.9
0.02234,-0.001169,0.002329,0.00965,-0.011194,1.9,1.9,1.9
0.023164,0.000782,-0.017689,0.002322,0.019663,2.3,2.3,2.3
0.024238,0.020841,-0.015637,0.001948,0.000393,2.8,2.8,2.8
0.023327,0.002341,0.00435,0.020959,-0.013863,2.8,2.6,2.6
0.021949,0.02234,0.00965,-0.001169,-0.011194,2.8,2.6,2.6
0.023353,0.019663,-0.017689,0.023164,0.000782,2.8,2.4,2.4
0.027974,0.024238,-0.015637,0.000393,0.020841,2.8,2,2
0.030709,0.023327,0.00435,0.020959,-0.013863,2.2,2.2,2.2
0.031905,0.02234,0.021949,0.00965,-0.011194,2.4,2.4,2.4
0.032749,0.019663,-0.017689,0.023353,0.023164,2.4,2.4,2.4
0.031287,0.024238,-0.015637,0.027974,0.020841,2.4,2.6,2.6
0.032113,0.030709,0.00435,0.020959,0.023327,2.5,2.6,2.6
0.030579,0.031905,0.00965,0.021949,0.02234,2.6,2.6,2.6
0.030514,0.019663,0.023353,0.032749,0.023164,2.6,2.5,2.5
0.033443,0.031287,0.024238,0.027974,0.020841,2.4,2.4,2.4
0.034264,0.032113,0.030709,0.020959,0.023327,2.4,2.4,2.4
0.031923,0.031905,0.021949,0.030579,0.02234,3.1,3.1,3.1
0.035062,0.030514,0.023353,0.032749,0.023164,3.1,2.3,2.3
0.033323,0.033443,0.024238,0.031287,0.027974,2.3,2.3,2.3
0.034969,0.032113,0.030709,0.034264,0.023327,2.3,2.2,2.2
0.041545,0.031923,0.021949,0.030579,0.031905,2.3,2.3,2.3
0.040672,0.035062,0.030514,0.032749,0.023353,2.5,2.5,2.5
0.042448,0.033323,0.027974,0.031287,0.033443,2.5,2.5,2.5
0.043571,0.032113,0.034264,0.034969,0.030709,2.5,2.3,2.3
0.046789,0.031923,0.030579,0.041545,0.031905,2.4,2.4,2.4
0.040137,0.035062,0.030514,0.040672,0.032749,3,3.1,3.1
0.044671,0.042448,0.031287,0.033443,0.033323,3,3.1,3.1
0.036171,0.034969,0.032113,0.034264,0.043571,3.1,3.1,3.1
0.036748,0.046789,0.030579,0.041545,0.031923,2.4,2.8,2.8
0.041613,0.040672,0.035062,0.030514,0.040137,2.8,2.8,2.8
0.033603,0.044671,0.042448,0.033443,0.033323,2.9,2.9,2.9
0.041781,0.036171,0.034264,0.043571,0.034969,2.5,2.5,2.5
0.034347,0.036748,0.046789,0.031923,0.041545,3,3,3
0.042083,0.041613,0.035062,0.040672,0.040137,2.3,2.3,2.3
0.05375,0.033603,0.044671,0.042448,0.033323,2.4,2.4,2.4
0.054326,0.041781,0.043571,0.034969,0.036171,2.9,2.9,2.9
0.07515,0.034347,0.041545,0.046789,0.036748,2.9,2.4,2.4
0.099555,0.042083,0.041613,0.040672,0.040137,2.4,2.3,2.3
0.085122,0.05375,0.044671,0.042448,0.033603,3.2,3.2,3.2
0.096202,0.054326,0.041781,0.043571,0.036171,2.6,3,3
0.199661,0.07515,0.034347,0.046789,0.036748,2.6,3,3
0.176397,0.099555,0.041613,0.042083,0.040137,3,3,3
0.249276,0.085122,0.044671,0.05375,0.033603,3,2.8,2.8
0.217106,0.096202,0.041781,0.036171,0.054326,2.8,2.8,2.8
0.031915,0.199661,0.07515,0.034347,0.036748,3.2,3.2,3.2
-0.007061,0.176397,0.041613,0.042083,0.099555,2.3,2.3,2.3
-0.088007,0.249276,0.085122,0.05375,0.033603,2.5,3.1,3.1
-0.119435,0.217106,0.096202,0.041781,0.054326,3.1,3.1,3.1
-0.080324,0.031915,0.199661,0.07515,0.034347,3.1,2.4,2.4
-0.088152,-0.007061,0.176397,0.042083,0.099555,2.9,2.9,2.9
-0.101284,-0.088007,0.249276,0.085122,0.05375,2.9,2.9,2.9
-0.050501,-0.119435,0.217106,0.054326,0.096202,2.9,2.4,2.4
-0.04052,-0.080324,0.199661,0.07515,0.031915,2.9,2.4,2.4
-0.027314,-0.088152,0.176397,-0.007061,0.099555,3.2,3.8,3.8
-0.026188,-0.101284,0.249276,0.085122,-0.088007,3.2,3.8,3.8
-0.064005,-0.050501,0.217106,-0.119435,0.096202,3.2,3.8,3.8
-0.074543,-0.04052,0.199661,-0.080324,0.031915,3.2,3.8,3.8
-0.067254,-0.027314,-0.088152,0.176397,-0.007061,3.2,3.8,3.8
-0.081095,-0.026188,0.249276,-0.101284,-0.088007,3.8,3.8,3.8
-0.069946,-0.064005,0.217106,-0.119435,-0.050501,3.8,3.2,3.2
-0.061427,-0.074543,-0.04052,-0.080324,0.031915,3.8,2.9,2.9
-0.063572,-0.067254,-0.027314,-0.007061,-0.088152,3.2,3.6,3.6
-0.053465,-0.081095,-0.101284,-0.026188,-0.088007,3.6,3.6,3.6
-0.047795,-0.069946,-0.119435,-0.064005,-0.050501,3.6,3,3
-0.041871,-0.061427,-0.04052,-0.080324,-0.074543,3,2.5,2.5
-0.019228,-0.063572,-0.027314,-0.067254,-0.088152,2.4,2.8,2.8
-0.008355,-0.053465,-0.101284,-0.026188,-0.081095,2.8,2.8,2.8
0,-0.047795,-0.069946,-0.064005,-0.050501,2.8,2.4,2.4
0,-0.041871,-0.04052,-0.061427,-0.074543,2.8,2.5,2.5
-0.014875,-0.019228,-0.027314,-0.063572,-0.067254,2.5,3.2,3.2
-0.017594,-0.008355,-0.026188,-0.053465,-0.081095,3.2,3.4,3.4
-0.029594,0,-0.047795,-0.064005,-0.069946,3.4,3.4,3.4
-0.032366,0,-0.041871,-0.061427,-0.074543,3.4,2.8,2.8
-0.034894,-0.014875,-0.067254,-0.063572,-0.019228,3.4,3.1,3.1
-0.013644,-0.017594,-0.008355,-0.053465,-0.081095,3.4,3.1,3.1
-0.001476,-0.029594,-0.047795,0,-0.069946,3.4,3.1,3.1
0.00293,-0.032366,-0.061427,-0.041871,0,3.1,3.1,3.1
0.0087,-0.034894,-0.063572,-0.014875,-0.019228,2.4,2.4,2.4
-0.00586,-0.013644,-0.008355,-0.053465,-0.017594,3.1,3.1,3.1
0.001476,-0.001476,-0.047795,-0.029594,0,2.5,2.8,2.8
-0.00293,0.00293,-0.041871,0,-0.032366,2.8,2.8,2.8
-0.00293,0.0087,-0.034894,-0.014875,-0.019228,3,3,3
0,-0.00586,-0.008355,-0.013644,-0.017594,3,3,3
-0.014427,0.001476,-0.001476,-0.029594,0,3,3,3
-0.0029,-0.00293,-0.032366,0,0.00293,3,3,3
-0.004338,-0.00293,-0.034894,0.0087,-0.014875,3,3,3
-0.011364,0,-0.017594,-0.00586,-0.013644,3,3,3
0,-0.014427,-0.001476,0.001476,-0.029594,3,3,3
-0.00287,-0.0029,-0.032366,-0.00293,0.00293,2.3,2.3,2.3
-0.001431,-0.004338,0.0087,-0.034894,-0.00293,2.6,2.6,2.6
0.012818,-0.011364,-0.00586,0,-0.013644,2.6,2.6,2.6
0.01295,0,-0.001476,-0.014427,0.001476,2.6,2.6,2.6
0.014652,-0.00287,-0.00293,0.00293,-0.0029,2.6,2.4,2.4
0.028515,-0.001431,0.0087,-0.004338,-0.00293,2.3,2.3,2.3
0.021172,0.012818,-0.00586,-0.011364,0,2.4,2.4,2.4
0.019815,0.01295,-0.014427,0.001476,0,2.4,2.4,2.4
0.025118,0.014652,-0.00287,-0.00293,-0.0029,2.4,3.4,3.4
-0.004695,0.028515,-0.004338,-0.001431,-0.00293,3.4,3.4,3.4
-0.001565,0.021172,-0.011364,0.012818,0,3.4,2.9,2.9
-0.003138,0.019815,-0.014427,0.01295,0,3.4,2.9,2.9
-0.022095,0.025118,0.014652,-0.00287,-0.0029,2.9,2.9,2.9
-0.012159,-0.004695,0.028515,-0.001431,-0.004338,2.9,2.8,2.8
-0.007701,-0.001565,-0.011364,0.012818,0.021172,2.8,2.8,2.8
0.003138,-0.003138,0.01295,0,0.019815,2.3,2.3,2.3
0.025391,-0.022095,0.014652,-0.00287,0.025118,2.2,3.2,3.2
0.026476,-0.012159,-0.001431,0.028515,-0.004695,3.2,3.2,3.2
0.030403,-0.007701,0.012818,0.021172,-0.001565,3.2,2.8,2.8
0.045939,0.003138,-0.003138,0.01295,0.019815,3.2,2.8,2.8
0.038814,0.025391,0.014652,0.025118,-0.022095,3.2,2.8,2.8
0.05717,0.026476,0.028515,-0.004695,-0.012159,2.2,2.4,2.4
0.065341,0.030403,0.021172,-0.007701,-0.001565,2.3,2.4,2.4
0.064743,0.045939,-0.003138,0.003138,0.019815,2.4,2.4,2.4
0.070963,0.038814,0.025118,-0.022095,0.025391,2.4,2.8,2.8
0.050648,0.05717,0.026476,-0.004695,-0.012159,2.8,2.8,2.8
0.032534,0.065341,0.030403,-0.007701,-0.001565,2.8,2.4,2.4
0.015973,0.064743,-0.003138,0.045939,0.003138,2.4,2.4,2.4
0.011788,0.070963,0.038814,-0.022095,0.025391,2,2,2
0.013916,0.050648,0.05717,0.026476,-0.012159,2.5,2.5,2.5
0.018678,0.032534,0.030403,-0.007701,0.065341,2.5,2.5,2.5
0.026638,0.015973,0.045939,0.064743,0.003138,2.5,2.5,2.5
0.045885,0.011788,0.038814,0.025391,0.070963,2.3,2.3,2.3
0.056108,0.013916,0.050648,0.05717,0.026476,2.4,2.4,2.4
0.065346,0.018678,0.032534,0.030403,0.065341,2.3,2.3,2.3
0.039709,0.026638,0.045939,0.064743,0.015973,2.6,2.6,2.6
0.01662,0.045885,0.038814,0.011788,0.070963,2.6,2.4,2.4
0.031483,0.056108,0.013916,0.05717,0.050648,2.6,2.4,2.4
0.01157,0.065346,0.032534,0.018678,0.065341,2.6,2.6,2.6
0.041118,0.039709,0.064743,0.015973,0.026638,2.6,2.4,2.4
0.038602,0.01662,0.045885,0.011788,0.070963,2.6,2.4,2.4
0.037407,0.031483,0.013916,0.056108,0.050648,2.4,2.3,2.3
0.066793,0.01157,0.032534,0.018678,0.065346,2.3,2.4,2.4
0.045705,0.041118,0.039709,0.015973,0.026638,2.4,2.4,2.4
0.063788,0.038602,0.045885,0.01662,0.011788,2.4,2.4,2.4
0.044659,0.037407,0.013916,0.031483,0.056108,2.4,2.4,2.4
0.024819,0.066793,0.01157,0.018678,0.065346,2.4,2.4,2.4
0.051105,0.045705,0.041118,0.039709,0.026638,2.2,2.4,2.4
0.053716,0.063788,0.045885,0.01662,0.038602,2.4,2.4,2.4
0.053716,0.044659,0.056108,0.031483,0.037407,2.4,2.4,2.4
0.075151,0.024819,0.01157,0.066793,0.065346,2.4,2.4,2.4
0.057521,0.051105,0.041118,0.045705,0.039709,2.4,2.4,2.4
0.051509,0.053716,0.063788,0.01662,0.038602,2.4,2.3,2.3
0.056057,0.053716,0.031483,0.044659,0.037407,2.4,2.3,2.3
0.030989,0.075151,0.024819,0.066793,0.01157,2.3,2.3,2.3
0.031557,0.057521,0.041118,0.045705,0.051105,2.3,2.3,2.3
0.03274,0.051509,0.063788,0.053716,0.038602,2.3,2.3,2.3
0.033046,0.056057,0.053716,0.044659,0.037407,2.3,2.3,2.3
0.089648,0.030989,0.075151,0.024819,0.066793,2.3,3.2,3.2
0.059136,0.031557,0.051105,0.045705,0.057521,3.2,3.2,3.2
0.056055,0.03274,0.053716,0.063788,0.051509,3.2,2.6,2.6
0.07876,0.033046,0.053716,0.044659,0.056057,2.4,3.1,3.1
0.05116,0.089648,0.075151,0.024819,0.030989,2.4,3.1,3.1
0.054868,0.059136,0.051105,0.031557,0.057521,3.1,3.1,3.1
0.033241,0.056055,0.053716,0.051509,0.03274,3.1,2.4,2.4
-0.005624,0.07876,0.053716,0.033046,0.056057,3.1,2.4,2.4
0.012031,0.05116,0.089648,0.030989,0.075151,3.1,2.4,2.4
0.017581,0.054868,0.059136,0.031557,0.057521,3.1,2.4,2.4
0.023321,0.033241,0.051509,0.03274,0.056055,2.3,2.4,2.4
0.084327,-0.005624,0.033046,0.056057,0.07876,2.3,2.4,2.4
0.024842,0.012031,0.089648,0.05116,0.030989,2.4,2.4,2.4
0.030562,0.017581,0.059136,0.054868,0.031557,2.4,2.4,2.4
0.036872,0.023321,0.056055,0.03274,0.033241,2.4,2.3,2.3
0,0.084327,-0.005624,0.033046,0.07876,2.4,2.3,2.3
0.046159,0.024842,0.089648,0.05116,0.012031,2.3,2.4,2.4
0.05247,0.030562,0.059136,0.054868,0.017581,2.4,2.4,2.4
0.053052,0.036872,0.056055,0.023321,0.033241,2.4,2.4,2.4
0.013112,0,-0.005624,0.084327,0.07876,2.4,2.4,2.4
-0.013555,0.046159,0.05116,0.024842,0.012031,2.4,2.4,2.4
-0.013555,0.05247,0.054868,0.017581,0.030562,2.4,2.3,2.3
0.021152,0.053052,0.023321,0.036872,0.033241,2.3,2.4,2.4
0.041133,0.013112,-0.005624,0.084327,0,2.4,2.4,2.4
0.034468,-0.013555,0.046159,0.024842,0.012031,2.4,2.4,2.4
0.034468,-0.013555,0.05247,0.017581,0.030562,2.4,2.3,2.3
0.014511,0.021152,0.023321,0.053052,0.036872,2.4,2.4,2.4
0.007131,0.041133,0.084327,0.013112,0,2.4,2.4,2.4
0.021643,0.034468,0.046159,0.024842,-0.013555,2.4,2.4,2.4
0.036495,0.034468,0.030562,0.05247,-0.013555,2.4,2.4,2.4
0.014853,0.014511,0.021152,0.053052,0.036872,2.4,2.4,2.4
0.029364,0.007131,0,0.013112,0.041133,2.4,2.4,2.4
0,0.021643,0.046159,0.034468,-0.013555,2.4,2.4,2.4
-0.00747,0.036495,0.05247,0.034468,-0.013555,2.4,2.4,2.4
-0.00747,0.014853,0.053052,0.021152,0.014511,2.4,2.4,2.4
-0.00747,0.029364,0.007131,0.013112,0.041133,2.4,2.4,2.4
0.007383,0,-0.013555,0.034468,0.021643,2.4,2.4,2.4
0.015028,-0.00747,0.034468,-0.013555,0.036495,2.4,2.4,2.4
0,-0.00747,0.021152,0.014511,0.014853,2.4,2.4,2.4
0,-0.00747,0.007131,0.029364,0.041133,2.4,2.4,2.4
0,0.007383,0.021643,0.034468,0,2.4,2.4,2.4
-0.044054,0.015028,-0.00747,0.034468,0.036495,2.4,2.4,2.4
-0.029026,0,-0.00747,0.014511,0.014853,2.4,3.1,3.1
-0.043046,0,-0.00747,0.007131,0.029364,2.4,3.1,3.1
-0.096098,0,0.021643,0,0.007383,3.1,3.1,3.1
-0.067073,-0.044054,-0.00747,0.015028,0.036495,2.3,2.3,2.3
-0.067073,-0.029026,-0.00747,0,0.014853,2.3,2.3,2.3
-0.071782,-0.043046,-0.00747,0,0.029364,2.3,2.3,2.3
-0.01873,-0.096098,0,0,0.007383,2.3,2.4,2.4
-0.01873,-0.067073,-0.00747,-0.044054,0.015028,2.3,2.4,2.4
0.032605,-0.067073,-0.029026,-0.00747,0,2.4,2.4,2.4
0.06489,-0.071782,0,-0.00747,-0.043046,2.4,2.4,2.4
0.071782,-0.01873,0,-0.096098,0.007383,2.4,2.3,2.3
0,-0.01873,-0.044054,-0.067073,0.015028,3.4,3.4,3.4
-0.032605,0.032605,-0.029026,0,-0.067073,2.8,2.8,2.8
-0.05247,0.06489,-0.071782,0,-0.043046,2.5,2.5,2.5
-0.033704,0.071782,-0.01873,0,-0.096098,2,2,2
0.031558,0,-0.01873,-0.044054,-0.067073,2.5,2.8,2.8
0.019348,-0.032605,0.032605,-0.029026,-0.067073,2.5,2.8,2.8
-0.006243,-0.05247,-0.071782,0.06489,-0.043046,2.8,3,3
-0.062141,-0.033704,-0.01873,0.071782,-0.096098,2.8,3,3
-0.055622,0.031558,-0.01873,-0.067073,0,2.8,3,3
-0.096413,0.019348,-0.032605,0.032605,-0.067073,3,3,3
-0.070023,-0.006243,-0.071782,-0.05247,0.06489,3,3,3
-0.050641,-0.062141,-0.01873,-0.033704,0.071782,3,3,3
-0.055989,-0.055622,0.031558,-0.01873,0,3,3.2,3.2
-0.052726,-0.096413,-0.032605,0.019348,0.032605,3,3.2,3.2
-0.042172,-0.070023,-0.05247,-0.006243,0.06489,3,3.2,3.2
-0.056055,-0.050641,-0.062141,-0.033704,0.071782,3,3.2,3.2
-0.050707,-0.055989,0.031558,-0.055622,0,3,3.2,3.2
-0.052437,-0.052726,-0.096413,0.019348,-0.032605,3,3.2,3.2
-0.083922,-0.042172,-0.05247,-0.006243,-0.070023,3,3.2,3.2
-0.059181,-0.056055,-0.062141,-0.033704,-0.050641,3,3.2,3.2
-0.041713,-0.050707,0.031558,-0.055989,-0.055622,3,3.2,3.2
-0.047421,-0.052437,-0.096413,0.019348,-0.052726,3.2,3.2,3.2
-0.048866,-0.083922,-0.042172,-0.006243,-0.070023,3.2,3,3
-0.056533,-0.059181,-0.056055,-0.050641,-0.062141,3.2,3.4,3.4
-0.099854,-0.041713,-0.050707,-0.055989,-0.055622,3.2,3.4,3.4
-0.054171,-0.047421,-0.052437,-0.096413,-0.052726,3.2,3.4,3.4
-0.047644,-0.048866,-0.083922,-0.070023,-0.042172,3.2,3.4,3.4
-0.039977,-0.056533,-0.056055,-0.050641,-0.059181,3.2,3.4,3.4
-0.034481,-0.099854,-0.050707,-0.055989,-0.041713,3.2,3.4,3.4
-0.054766,-0.054171,-0.052437,-0.047421,-0.052726,3.2,3.4,3.4
-0.033407,-0.047644,-0.083922,-0.048866,-0.042172,3.2,3.4,3.4
-0.030183,-0.039977,-0.059181,-0.056055,-0.056533,3,3.4,3.4
-0.034946,-0.034481,-0.050707,-0.099854,-0.041713,3.2,3.4,3.4
-0.056876,-0.054766,-0.052437,-0.054171,-0.047421,3.4,3.4,3.4
-0.045555,-0.033407,-0.047644,-0.083922,-0.048866,3.4,2.8,2.8
-0.051641,-0.030183,-0.059181,-0.039977,-0.056533,3.4,2.8,2.8
-0.04052,-0.034946,-0.034481,-0.099854,-0.041713,3.4,2.8,2.8
-0.00828,-0.056876,-0.054766,-0.054171,-0.047421,2.5,2.5,2.5
-0.022322,-0.045555,-0.047644,-0.033407,-0.048866,2.5,2.5,2.5
-0.019461,-0.051641,-0.039977,-0.056533,-0.030183,2.5,2.4,2.4
0.00276,-0.04052,-0.034481,-0.099854,-0.034946,2.8,2.8,2.8
0.00828,-0.00828,-0.056876,-0.054766,-0.054171,2.2,2.2,2.2
0,-0.022322,-0.045555,-0.033407,-0.047644,2.6,2.6,2.6
-0.033699,-0.019461,-0.051641,-0.039977,-0.030183,3.6,3.6,3.6
-0.046844,0.00276,-0.04052,-0.034946,-0.034481,3.6,3.2,3.2
-0.064005,0.00828,-0.056876,-0.054766,-0.00828,3.6,3.2,3.2
-0.07132,0,-0.045555,-0.033407,-0.022322,3.2,3.8,3.8
-0.05502,-0.033699,-0.051641,-0.030183,-0.019461,3.2,3.8,3.8
-0.080481,-0.046844,-0.04052,0.00276,-0.034946,3.8,3.8,3.8
-0.044093,-0.064005,-0.056876,0.00828,-0.00828,2.3,3.7,3.7
-0.025777,-0.07132,-0.045555,-0.022322,0,2.8,3.7,3.7
-0.018563,-0.05502,-0.051641,-0.033699,-0.019461,3,3.7,3.7
-0.005753,-0.080481,-0.04052,-0.046844,0.00276,3,3.7,3.7
-0.029655,-0.044093,0.00828,-0.00828,-0.064005,3,3.7,3.7
-0.033412,-0.025777,-0.07132,-0.022322,0,3,3.7,3.7
-0.01947,-0.018563,-0.033699,-0.05502,-0.019461,3,3.7,3.7
-0.023794,-0.005753,-0.046844,0.00276,-0.080481,3.7,3.7,3.7
-0.035685,-0.029655,-0.044093,-0.064005,0.00828,3.7,3.3,3.3
-0.033609,-0.033412,-0.025777,-0.07132,0,3.2,3.3,3.3
-0.052077,-0.01947,-0.033699,-0.018563,-0.05502,3.3,3.3,3.3
-0.041134,-0.023794,-0.005753,-0.046844,-0.080481,3.3,3.1,3.1
-0.036419,-0.035685,-0.044093,-0.064005,-0.029655,3.1,3,3
-0.047823,-0.033609,-0.033412,-0.025777,-0.07132,3.9,3.9,3.9
-0.044246,-0.052077,-0.01947,-0.018563,-0.05502,3.9,3.3,3.3
-0.038692,-0.041134,-0.005753,-0.023794,-0.080481,3.3,3.3,3.3
-0.038821,-0.036419,-0.044093,-0.035685,-0.029655,3.3,3.1,3.1
-0.027025,-0.047823,-0.033412,-0.033609,-0.025777,3.1,3.1,3.1
-0.034493,-0.044246,-0.01947,-0.052077,-0.018563,4,4,4
-0.044186,-0.038692,-0.041134,-0.023794,-0.005753,4,3.8,3.8
-0.054469,-0.038821,-0.036419,-0.035685,-0.029655,4,3.8,3.8
-0.052139,-0.027025,-0.033412,-0.033609,-0.047823,3.8,3.8,3.8
-0.034577,-0.034493,-0.01947,-0.044246,-0.052077,3.1,3.8,3.8
-0.03164,-0.044186,-0.041134,-0.023794,-0.038692,3.8,3.8,3.8
-0.014124,-0.054469,-0.036419,-0.035685,-0.038821,3.8,3.3,3.3
-0.02381,-0.027025,-0.033609,-0.052139,-0.047823,3.8,3.3,3.3
-0.023709,-0.034493,-0.044246,-0.052077,-0.034577,3.8,3.3,3.3
-0.018937,-0.03164,-0.041134,-0.044186,-0.038692,3.8,3.3,3.3
-0.019678,-0.014124,-0.036419,-0.038821,-0.054469,3.3,3.3,3.3
-0.016351,-0.02381,-0.027025,-0.052139,-0.047823,3.3,3.7,3.7
-0.021455,-0.034493,-0.044246,-0.034577,-0.023709,3.3,3.7,3.7
-0.021598,-0.03164,-0.018937,-0.044186,-0.038692,3.2,3.7,3.7
-0.022961,-0.019678,-0.038821,-0.014124,-0.054469,3.7,3.7,3.7
-0.016025,-0.02381,-0.027025,-0.016351,-0.052139,3.7,4,4
-0.021823,-0.023709,-0.034577,-0.021455,-0.034493,3.7,4,4
-0.021825,-0.021598,-0.044186,-0.018937,-0.03164,3.7,4,4
-0.022141,-0.022961,-0.014124,-0.054469,-0.019678,3.7,4,4
-0.031557,-0.016025,-0.02381,-0.016351,-0.052139,3.7,4,4
-0.025196,-0.021823,-0.034577,-0.021455,-0.023709,3.7,4,4
-0.022993,-0.021825,-0.021598,-0.018937,-0.03164,3.7,4,4
-0.020567,-0.022961,-0.022141,-0.014124,-0.019678,3.7,4,4
-0.019159,-0.031557,-0.016025,-0.016351,-0.02381,3.6,4,4
-0.022266,-0.025196,-0.023709,-0.021455,-0.021823,4,4,4
-0.01208,-0.021825,-0.021598,-0.018937,-0.022993,4,3.4,3.4
-0.015576,-0.022961,-0.022141,-0.020567,-0.019678,4,3.4,3.4
-0.010969,-0.031557,-0.016025,-0.016351,-0.019159,4,3.4,3.4
-0.002381,-0.025196,-0.021455,-0.022266,-0.021823,4,3.4,3.4
-0.008418,-0.021825,-0.022993,-0.01208,-0.021598,4,3.8,3.8
0.001198,-0.020567,-0.022961,-0.022141,-0.015576,3.4,3.8,3.8
-0.003513,-0.031557,-0.019159,-0.010969,-0.016025,3.4,3.8,3.8
-0.005244,-0.002381,-0.025196,-0.022266,-0.021823,3.4,3.8,3.8
-0.00521,-0.021825,-0.01208,-0.022993,-0.008418,3.4,3.8,3.8
-0.014429,-0.020567,-0.015576,0.001198,-0.022141,3.8,3.8,3.8
-0.011771,-0.031557,-0.019159,-0.003513,-0.010969,3.8,3.6,3.6
-0.015375,-0.002381,-0.025196,-0.005244,-0.022266,3.8,3.6,3.6
-0.018893,-0.022993,-0.01208,-0.008418,-0.00521,3.8,3.6,3.6
-0.007588,-0.014429,-0.020567,-0.015576,0.001198,3.8,3.6,3.6
-0.005335,-0.011771,-0.019159,-0.003513,-0.010969,3.8,3.6,3.6
-0.002606,-0.002381,-0.005244,-0.015375,-0.022266,3.8,3.6,3.6
0.002056,-0.01208,-0.00521,-0.008418,-0.018893,3.8,3.5,3.5
-0.003671,-0.007588,-0.015576,0.001198,-0.014429,3.6,3.9,3.9
-0.004662,-0.011771,-0.003513,-0.005335,-0.010969,3.5,3.9,3.9
0.001559,-0.002381,-0.005244,-0.015375,-0.002606,3.5,3.9,3.9
-0.001544,-0.018893,-0.00521,-0.008418,0.002056,3.6,3.9,3.9
-0.002574,-0.003671,0.001198,-0.014429,-0.007588,3.6,3.9,3.9
0.001025,-0.004662,-0.003513,-0.011771,-0.005335,3.6,3.9,3.9
-0.006651,0.001559,-0.005244,-0.015375,-0.002606,3.9,3.9,3.9
0.001544,-0.001544,-0.018893,-0.00521,0.002056,3.9,3.2,3.2
0.004662,-0.003671,-0.002574,-0.014429,-0.007588,3.9,3.3,3.3
0.007354,0.001025,-0.004662,-0.011771,-0.005335,3.9,3.3,3.3
0.011415,0.001559,-0.015375,-0.002606,-0.006651,3.2,3.3,3.3
0.005252,0.001544,-0.018893,0.002056,-0.001544,3.3,3.3,3.3
0.005335,-0.003671,-0.002574,0.004662,-0.007588,3.3,3.3,3.3
0.000538,0.007354,-0.004662,0.001025,-0.005335,3.3,3.4,3.4
-0.000536,0.011415,-0.002606,-0.006651,0.001559,3.3,3.7,3.7
-0.001064,0.005252,0.002056,0.001544,-0.001544,3.4,3.7,3.7
-0.003221,0.005335,-0.002574,-0.003671,0.004662,3.4,3.7,3.7
0,0.000538,-0.004662,0.007354,0.001025,3.4,3.7,3.7
0.001074,0.011415,-0.000536,-0.006651,0.001559,3.4,3.7,3.7
0.001064,0.005252,0.001544,-0.001064,-0.001544,3.4,3.7,3.7
0.001603,-0.003221,0.005335,-0.002574,0.004662,3.4,3.7,3.7
-0.000538,0.000538,0.007354,0,0.001025,3.7,3.7,3.7
0.000539,0.011415,-0.006651,0.001074,-0.000536,3.7,3.4,3.4
0.006524,0.001064,0.001544,-0.001064,0.005252,3.7,3.8,3.8
0.006566,-0.003221,0.005335,0.001603,0.004662,3.7,3.8,3.8
0.006566,-0.000538,0.007354,0,0.000538,3.4,3.8,3.8
0.010008,0.000539,0.011415,0.001074,-0.000536,3.4,3.8,3.8
0.007356,0.006524,0.001064,-0.001064,0.005252,3.4,3.8,3.8
0.009158,-0.003221,0.005335,0.006566,0.001603,3.4,3.8,3.8
0.005093,-0.000538,0,0.006566,0.000538,3.8,3.8,3.8
-0.000571,0.010008,0.000539,0.001074,-0.000536,3.8,3.5,3.5
0.000579,0.007356,0.001064,-0.001064,0.006524,3.8,3.5,3.5
-0.00349,0.009158,0.006566,0.001603,-0.003221,3.8,3.6,3.6
0.001731,0.005093,0,0.006566,-0.000538,3.8,3.6,3.6
0.003456,-0.000571,0.000539,0.001074,0.010008,3.8,3.6,3.6
0.001748,0.007356,0.001064,0.000579,0.006524,3.8,3.6,3.6
0.002904,0.009158,0.006566,-0.00349,0.001603,3.8,3.6,3.6
0.001748,0.005093,0.006566,0.001731,-0.000538,3.8,3.6,3.6
0.001167,-0.000571,0.000539,0.003456,0.010008,3.8,3.6,3.6
-0.002904,0.007356,0.000579,0.001748,0.006524,3.6,3.6,3.6
-0.001167,0.009158,0.006566,-0.00349,0.002904,3.6,3.5,3.5
0.000586,0.001731,0.005093,0.006566,0.001748,3.6,3.5,3.5
0.002952,0.001167,-0.000571,0.003456,0.010008,3.6,3.4,3.4
0.008252,-0.002904,0.000579,0.001748,0.007356,3.6,3.4,3.4
0.00712,0.009158,-0.00349,-0.001167,0.002904,3.6,3.4,3.4
0.001179,0.000586,0.005093,0.001748,0.001731,3.6,3.4,3.4
0,0.002952,0.001167,-0.000571,0.003456,3.6,3.4,3.4
0,-0.002904,0.001748,0.008252,0.000579,3.5,3.4,3.4
0.000606,0.002904,-0.00349,0.00712,-0.001167,3.5,3.4,3.4
0.002381,0.000586,0.001748,0.001179,0.001731,3.4,3.4,3.4
0.003607,0,0.001167,0.003456,0.002952,3.4,3.4,3.4
0,-0.002904,0.001748,0,0.008252,3.4,3.4,3.4
0,0.000606,0.002904,0.00712,-0.001167,3.4,3.4,3.4
0.004244,0.002381,0.001748,0.001179,0.000586,3.4,3.3,3.3
-0.000606,0,0.001167,0.003607,0.002952,3.4,3.3,3.3
0.005511,0,-0.002904,0,0.008252,3.4,3.3,3.3
0.004301,0.000606,0.00712,0,-0.001167,3.4,3.4,3.4
0.00247,0.004244,0.001179,0.000586,0.002381,3.4,3.4,3.4
0.003668,-0.000606,0.003607,0,0.002952,3.4,3.4,3.4
-0.001239,0,0.005511,0,0.008252,3.4,3.4,3.4
-0.001239,0.004301,0.000606,0.00712,0,3.4,3.4,3.4
-0.001239,0.004244,0.00247,0.001179,0.002381,3.4,3.4,3.4
0.003743,-0.000606,0.003607,0.003668,0,3.4,3.4,3.4
0.008208,-0.001239,0.005511,0,0,3.4,3.4,3.4
0.012781,-0.001239,0.004301,0,0.000606,3.4,3.4,3.4
0.012121,-0.001239,0.004244,0.00247,0.002381,3.4,3.4,3.4
0.006411,0.003743,-0.000606,0.003607,0.003668,3.4,3.4,3.4
0.000647,-0.001239,0.008208,0.005511,0,3.4,3.4,3.4
0.000663,-0.001239,0,0.004301,0.012781,3.4,3.4,3.4
0,-0.001239,0.004244,0.012121,0.00247,3.4,3.4,3.4
0.006637,0.003743,0.003668,-0.000606,0.006411,3.4,3.4,3.4
0.007937,-0.001239,0.008208,0.000647,0.005511,3.4,3.4,3.4
0,0.000663,0.004301,0.012781,-0.001239,3.4,3.4,3.4
0.006708,0,0.00247,0.012121,-0.001239,3.4,3.4,3.4
0.002037,0.006637,0.003743,0.003668,0.006411,3.4,3.4,3.4
0,-0.001239,0.000647,0.008208,0.007937,3.4,3.4,3.4
0.006069,0,0.000663,0.012781,-0.001239,3.4,3.4,3.4
-0.002037,0.006708,0.012121,0,-0.001239,3.4,3.4,3.4
0.006243,0.002037,0.003743,0.006411,0.006637,3.4,3.4,3.4
0.016192,0.007937,0.000647,0.008208,0,3.4,3.7,3.7
0.018674,0.006069,0.000663,0.012781,0,3.4,3.7,3.7
0.020644,-0.002037,0.012121,0.006708,0,3.4,3.7,3.7
0.014626,0.006243,0.002037,0.006411,0.006637,3.4,3.7,3.7
0.004452,0.016192,0.007937,0.000647,0,3.4,3.7,3.7
-0.002247,0.018674,0.006069,0.000663,0,3.4,3.7,3.7
0.002263,0.020644,0.006708,0,-0.002037,3.4,3.7,3.7
-0.002263,0.006243,0.002037,0.014626,0.006637,3.4,3.7,3.7
0.006092,0.004452,0.007937,0.016192,0,3.4,3.7,3.7
0.012279,0.018674,0.006069,-0.002247,0,3.4,3.7,3.7
0.007731,0.002263,0.006708,0.020644,-0.002037,3.4,3.7,3.7
0.012371,-0.002263,0.002037,0.014626,0.006243,3.4,3.7,3.7
0.003116,0.006092,0.004452,0.016192,0,3.4,3.7,3.7
0,0.012279,0.006069,-0.002247,0.018674,3.4,3.7,3.7
0.004782,0.002263,0.007731,0.020644,-0.002037,3.4,3.7,3.7
0.006475,-0.002263,0.014626,0.012371,0.006243,3.4,3.7,3.7
0.011288,0.003116,0.004452,0.006092,0.016192,3.4,3.7,3.7
0.013895,0,0.012279,-0.002247,0.018674,3.4,3.7,3.7
0.004894,0.004782,0.007731,0.020644,0.002263,3.7,3.7,3.7
0.00415,0.012371,-0.002263,0.006475,0.014626,3.7,3.4,3.4
0.005879,0.003116,0.004452,0.006092,0.011288,3.7,3.4,3.4
0.004266,0.013895,0.012279,-0.002247,0,3.7,3.4,3.4
0.011006,0.004894,0.007731,0.002263,0.004782,3.7,3.4,3.4
0.010301,0.012371,-0.002263,0.006475,0.00415,3.7,3.4,3.4
0.007802,0.005879,0.006092,0.011288,0.003116,3.7,3.4,3.4
0.007897,0.004266,0.012279,0.013895,0,3.7,3.4,3.4
0.002621,0.011006,0.007731,0.004782,0.004894,3.7,3.4,3.4
0.000881,0.010301,0.012371,0.006475,0.00415,3.4,3.3,3.3
0.000884,0.007802,0.003116,0.011288,0.005879,3.4,3.3,3.3
-0.00178,0.007897,0.004266,0.013895,0,3.4,3.3,3.3
0.00444,0.002621,0.011006,0.004782,0.004894,3.4,3.3,3.3
0.005361,0.010301,0.006475,0.000881,0.00415,3.2,3.5,3.5
0.000888,0.007802,0.000884,0.005879,0.011288,3.2,3.5,3.5
-0.005254,-0.00178,0.004266,0.013895,0.007897,3.3,3.5,3.5
-0.011362,0.002621,0.011006,0.00444,0.004894,3.3,3.5,3.5
-0.014013,0.010301,0.00415,0.005361,0.000881,3.3,3.5,3.5
-0.008722,0.007802,0.000884,0.000888,0.005879,3.3,3.5,3.5
0,-0.005254,0.004266,-0.00178,0.007897,3.3,3.5,3.5
-0.001696,0.00444,0.011006,-0.011362,0.002621,3.3,3.5,3.5
-0.000846,-0.014013,0.005361,0.000881,0.010301,3.3,3.5,3.5
-0.006732,0.007802,0.000884,-0.008722,0.000888,3.5,3.5,3.5
-0.00258,0,-0.00178,-0.005254,0.007897,3.5,3.2,3.2
0.003406,0.00444,-0.011362,-0.001696,0.002621,3.5,3.2,3.2
-0.000843,-0.014013,0.005361,-0.000846,0.000881,3.5,3.7,3.7
0.005029,0.000884,-0.006732,0.000888,-0.008722,3.5,3.7,3.7
-0.001703,-0.00258,-0.00178,-0.005254,0,3.5,3.7,3.7
-0.003406,0.003406,-0.011362,-0.001696,0.00444,3.5,3.7,3.7
0,-0.000843,-0.014013,-0.000846,0.005361,3.5,3.7,3.7
-0.005029,0.005029,-0.006732,0.000888,-0.008722,3.2,3.7,3.7
-0.011554,-0.00258,-0.005254,-0.001703,0,3.2,3.7,3.7
-0.008284,-0.003406,0.003406,-0.011362,-0.001696,3.2,3.7,3.7
-0.01226,0,-0.014013,-0.000843,-0.000846,3.7,3.7,3.7
-0.013629,-0.005029,-0.006732,0.005029,-0.008722,3.7,3.5,3.5
-0.004763,-0.001703,-0.00258,-0.011554,0,3.7,3.5,3.5
-0.007187,-0.003406,0.003406,-0.001696,-0.008284,3.7,3.5,3.5
-0.007024,0,-0.000843,-0.01226,-0.000846,3.7,3.5,3.5
0.000777,-0.005029,-0.006732,-0.013629,0.005029,3.7,3.3,3.3
-0.006945,-0.004763,-0.00258,-0.001703,-0.011554,3.7,3.3,3.3
-0.007702,-0.003406,0.003406,-0.008284,-0.007187,3.7,3.3,3.3
-0.003046,-0.01226,-0.000843,-0.007024,0,3.7,3.5,3.5
-0.005381,-0.013629,-0.005029,0.000777,0.005029,3.5,3.6,3.6
0,-0.004763,-0.011554,-0.001703,-0.006945,3.5,3.6,3.6
-0.000754,-0.007702,-0.008284,-0.007187,-0.003406,3.3,3.6,3.6
-0.005223,-0.01226,-0.007024,-0.003046,0,3.5,3.6,3.6
-0.008177,-0.005381,-0.005029,0.000777,-0.013629,3.5,3.6,3.6
-0.01107,0,-0.004763,-0.011554,-0.006945,3.5,3.6,3.6
-0.015218,-0.007702,-0.008284,-0.000754,-0.007187,3.5,3.6,3.6
-0.005806,-0.01226,-0.003046,-0.007024,-0.005223,3.5,3.6,3.6
-0.002892,-0.005381,0.000777,-0.008177,-0.013629,3.5,3.6,3.6
-0.006357,-0.01107,-0.004763,-0.006945,0,3.6,3.6,3.6
0,-0.007702,-0.000754,-0.015218,-0.007187,3.6,3.5,3.5
-0.00284,-0.003046,-0.005223,-0.007024,-0.005806,3.6,3.5,3.5
-0.00566,-0.002892,0.000777,-0.008177,-0.005381,3.6,3.7,3.7
0.002096,-0.01107,-0.006945,-0.006357,0,3.6,3.7,3.7
-0.003456,0,-0.000754,-0.015218,-0.007702,3.6,3.7,3.7
-0.002104,-0.00284,-0.005223,-0.005806,-0.003046,3.6,3.7,3.7
0.00281,-0.00566,-0.002892,-0.008177,-0.005381,3.6,3.7,3.7
0.00283,-0.006357,0.002096,-0.01107,0,3.6,3.7,3.7
0.0084,-0.003456,-0.000754,-0.015218,0,3.6,3.7,3.7
0.007101,-0.002104,-0.005223,-0.005806,-0.00284,3.6,3.7,3.7
0.00357,0.00281,-0.002892,-0.00566,-0.008177,3.6,3.7,3.7
0.00215,0.00283,-0.006357,0.002096,-0.01107,3.6,3.7,3.7
0.004339,0.0084,-0.003456,-0.015218,0,3.6,3.7,3.7
0.004387,0.007101,-0.002104,-0.00284,-0.005806,3.6,3.7,3.7
0.005849,0.00357,-0.002892,0.00281,-0.00566,3.6,3.7,3.7
0.004371,0.00283,-0.006357,0.00215,0.002096,3.6,3.7,3.7
0,0.0084,-0.003456,0.004339,0,3.6,3.7,3.7
-0.000738,0.004387,-0.002104,-0.00284,0.007101,3.6,3.7,3.7
0.000743,0.005849,0.00357,0.00281,-0.00566,3.6,3.7,3.7
0.00598,0.00283,0.002096,0.004371,0.00215,3.6,3.7,3.7
0.001468,0,-0.003456,0.004339,0.0084,3.6,3.7,3.7
0.000738,-0.000738,-0.002104,0.004387,0.007101,3.5,3.7,3.7
-0.006592,0.005849,0.00357,0.00281,0.000743,3.7,3.7,3.7
-0.008904,0.00598,0.00283,0.004371,0.00215,3.7,3.4,3.4
-0.002197,0,0.004339,0.001468,0.0084,3.7,3.4,3.4
-0.007969,-0.000738,0.007101,0.004387,0.000738,3.7,3.4,3.4
-0.00215,0.005849,0.000743,-0.006592,0.00357,3.7,3.4,3.4
-0.004307,0.00598,0.00215,-0.008904,0.004371,3.7,3.4,3.4
-0.004323,-0.002197,0.004339,0.001468,0,3.7,3.4,3.4
-0.00282,-0.000738,0.000738,0.004387,-0.007969,3.7,3.4,3.4
-0.00142,-0.00215,0.000743,0.005849,-0.006592,3.7,3.4,3.4
0.000711,0.00598,-0.008904,-0.004307,0.004371,3.7,3.3,3.3
0.00143,-0.004323,0.001468,-0.002197,0,3.7,3.3,3.3
0.005681,-0.00282,0.000738,-0.000738,-0.007969,3.7,3.6,3.6
0.005016,-0.00215,0.000743,-0.006592,-0.00142,3.7,3.6,3.6
0.00215,0.00598,-0.008904,0.000711,-0.004307,3.7,3.6,3.6
0.001441,0.00143,-0.004323,0.001468,-0.002197,3.4,3.6,3.6
-0.000719,0.005681,0.000738,-0.00282,-0.007969,3.4,3.6,3.6
-0.000724,0.005016,-0.006592,-0.00215,-0.00142,3.3,3.6,3.6
0.002173,-0.008904,0.00215,-0.004307,0.000711,3.3,3.6,3.6
0.004387,0.00143,-0.004323,0.001441,-0.002197,3.3,3.6,3.6
0.010312,-0.000719,-0.00282,0.005681,-0.007969,3.3,3.6,3.6
0.008117,0.005016,-0.00142,-0.00215,-0.000724,3.6,3.6,3.6
0.002935,0.000711,0.002173,-0.004307,0.00215,3.6,3.5,3.5
0.005242,0.00143,-0.004323,0.001441,0.004387,3.6,3.4,3.4
0.006919,0.010312,-0.000719,-0.00282,0.005681,3.6,3.4,3.4
0.004569,0.008117,0.005016,-0.00142,-0.000724,3.6,3.4,3.4
0.0083,0.002935,0.000711,0.002173,0.00215,3.6,3.3,3.3
0.009313,0.005242,0.001441,0.004387,0.00143,3.6,3.3,3.3
0.002359,0.010312,-0.000719,0.005681,0.006919,3.6,3.3,3.3
0.005463,0.008117,-0.000724,0.005016,0.004569,3.6,3.3,3.3
0.006255,0.002935,0.002173,0.0083,0.00215,3.6,3.3,3.3
-0.002368,0.009313,0.005242,0.001441,0.004387,3.6,3.3,3.3
0.001588,0.002359,-0.000719,0.006919,0.010312,3.6,3.3,3.3
0.001588,0.008117,-0.000724,0.004569,0.005463,3.6,3.3,3.3
0,0.006255,0.002173,0.0083,0.002935,3.6,3.3,3.3
0.003163,0.009313,0.005242,0.004387,-0.002368,3.6,3.4,3.4
-0.000795,0.002359,0.006919,0.001588,0.010312,3.6,3.4,3.4
-0.001588,0.008117,0.004569,0.001588,0.005463,3.6,3.5,3.5
0.004819,0,0.006255,0.0083,0.002935,3.6,3.5,3.5
0.006475,0.003163,0.009313,0.005242,-0.002368,3.6,3.5,3.5
0.004008,0.002359,0.006919,0.001588,-0.000795,3.6,3.5,3.5
0.003188,0.004569,0.001588,-0.001588,0.005463,3.6,3.5,3.5
-0.000811,0.004819,0.006255,0.0083,0,3.6,3.5,3.5
-0.00082,0.003163,0.009313,-0.002368,0.006475,3.6,3.5,3.5
0.006576,0.002359,-0.000795,0.001588,0.004008,3.6,3.5,3.5
0.006525,0.003188,0.001588,-0.001588,0.005463,3.5,3.5,3.5
0.004086,-0.000811,0.006255,0.004819,0,3.4,3.5,3.5
-0.000817,0.003163,-0.002368,-0.00082,0.006475,3.3,3.5,3.5
-0.001663,0.006576,-0.000795,0.001588,0.004008,3.3,3.5,3.5
-0.00165,0.003188,-0.001588,0.006525,0.001588,3.3,3.5,3.5
0.001657,0.004086,-0.000811,0.004819,0,3.4,3.5,3.5
0.004118,0.003163,-0.00082,-0.000817,0.006475,3.4,3.5,3.5
-0.00165,-0.001663,-0.000795,0.004008,0.006576,3.4,3.5,3.5
-0.00082,0.003188,0.006525,-0.001588,-0.00165,3.5,3.5,3.5
-0.00083,0.004086,0.004819,0.001657,-0.000811,3.5,3.1,3.1
0.00167,0.004118,-0.00082,-0.000817,0.006475,3.5,3.1,3.1
0.003313,-0.001663,-0.00165,0.006576,0.004008,3.5,3.1,3.1
0.00581,0.006525,-0.00165,0.003188,-0.00082,3.5,3,3
0.006732,0.004086,-0.00083,-0.000811,0.001657,3.5,3,3
0.008549,0.004118,-0.000817,-0.00082,0.00167,3.5,2.9,2.9
0.012902,-0.001663,-0.00165,0.003313,0.006576,3.5,2.9,2.9
0.013006,0.006525,-0.00165,-0.00082,0.00581,3.5,2.9,2.9
0.013216,0.006732,0.004086,-0.00083,0.001657,3.5,3.1,3.1
0.01164,0.008549,-0.000817,0.00167,0.004118,3.5,3.1,3.1
0.011832,-0.001663,-0.00165,0.012902,0.003313,3.5,3.3,3.3
0.011929,0.013006,-0.00165,-0.00082,0.00581,3.1,3.4,3.4
0.003662,0.006732,0.001657,0.013216,-0.00083,3.3,3.5,3.5
-0.002741,0.008549,0.00167,0.01164,0.004118,3.3,3.5,3.5
-0.006449,-0.00165,0.012902,0.011832,0.003313,3.3,3.5,3.5
-0.016351,0.013006,-0.00082,0.011929,0.00581,3.4,3.5,3.5
-0.007265,0.003662,-0.00083,0.013216,0.006732,3.4,3.5,3.5
-0.003603,0.008549,0.00167,-0.002741,0.01164,3.5,3.5,3.5
-0.007148,-0.006449,0.012902,0.011832,0.003313,3.5,3.4,3.4
-0.003474,-0.016351,0.00581,0.011929,0.013006,3.5,3.6,3.6
-0.007033,0.003662,0.013216,-0.007265,0.006732,3.5,3.6,3.6
-0.010466,-0.003603,0.008549,-0.002741,0.01164,3.5,3.6,3.6
-0.010301,-0.006449,0.012902,0.011832,-0.007148,3.5,3.6,3.6
-0.006785,-0.016351,-0.003474,0.011929,0.013006,3.5,3.6,3.6
-0.006812,-0.007033,0.003662,0.013216,-0.007265,3.5,3.6,3.6
-0.00085,-0.003603,-0.002741,-0.010466,0.01164,3.5,3.6,3.6
0.001683,-0.010301,0.011832,-0.006449,-0.007148,3.5,3.6,3.6
0.003366,-0.003474,0.011929,-0.006785,-0.016351,3.5,3.6,3.6
0.004232,-0.007033,0.003662,-0.007265,-0.006812,3.5,3.6,3.6
0.00256,-0.003603,-0.002741,-0.010466,-0.00085,3.4,3.6,3.6
-0.002519,0.001683,-0.010301,-0.007148,-0.006449,3.6,3.6,3.6
-0.000846,-0.003474,0.003366,-0.016351,-0.006785,3.6,3.5,3.5
-0.008382,-0.007033,-0.007265,-0.006812,0.004232,3.6,3.5,3.5
-0.01169,0.00256,-0.003603,-0.010466,-0.00085,3.6,3.5,3.5
-0.008188,0.001683,-0.007148,-0.010301,-0.002519,3.6,3.5,3.5
-0.010707,-0.000846,-0.003474,0.003366,-0.006785,3.6,3.5,3.5
-0.006475,-0.007033,0.004232,-0.008382,-0.006812,3.6,3.5,3.5
-0.004023,0.00256,-0.010466,-0.01169,-0.00085,3.6,3.5,3.5
-0.0016,0.001683,-0.002519,-0.010301,-0.008188,3.6,3.5,3.5
-0.003977,-0.010707,0.003366,-0.000846,-0.006785,3.6,3.5,3.5
-0.001588,-0.006475,0.004232,-0.008382,-0.006812,3.6,3.5,3.5
-0.005505,-0.004023,-0.01169,-0.00085,0.00256,3.6,3.5,3.5
-0.005505,-0.0016,0.001683,-0.002519,-0.008188,3.6,3.5,3.5
-0.006208,-0.003977,-0.010707,-0.000846,0.003366,3.6,3.5,3.5
-0.006997,-0.006475,0.004232,-0.001588,-0.008382,3.5,3.5,3.5
-0.003081,-0.005505,-0.01169,-0.004023,0.00256,3.5,3.5,3.5
-0.006867,-0.005505,-0.0016,-0.002519,-0.008188,3.5,3.5,3.5
-0.003035,-0.006208,-0.003977,-0.000846,-0.010707,3.5,3.4,3.4
-0.001523,-0.006475,-0.001588,-0.006997,-0.008382,3.5,3.4,3.4
-0.006024,-0.003081,-0.01169,-0.004023,-0.005505,3.5,3.4,3.4
-0.005914,-0.005505,-0.0016,-0.006867,-0.008188,3.4,3.7,3.7
-0.005203,-0.006208,-0.003977,-0.003035,-0.010707,3.4,3.7,3.7
-0.008904,-0.006475,-0.006997,-0.001588,-0.001523,3.4,3.7,3.7
-0.009419,-0.006024,-0.005505,-0.004023,-0.003081,3.7,3.8,3.8
-0.007854,-0.005914,-0.0016,-0.006867,-0.005505,3.7,3.8,3.8
-0.013471,-0.006208,-0.003035,-0.003977,-0.005203,3.7,3.8,3.8
-0.011282,-0.008904,-0.006997,-0.001588,-0.001523,3.7,3.8,3.8
-0.012334,-0.009419,-0.005505,-0.006024,-0.003081,3.8,3.8,3.8
-0.010886,-0.007854,-0.005914,-0.006867,-0.005505,3.8,3.5,3.5
-0.011305,-0.013471,-0.003035,-0.006208,-0.005203,3.8,3.5,3.5
-0.013231,-0.011282,-0.006997,-0.001523,-0.008904,3.8,3.5,3.5
-0.006523,-0.009419,-0.012334,-0.006024,-0.003081,3.8,3.5,3.5
-0.005218,-0.010886,-0.006867,-0.007854,-0.005914,3.8,3.5,3.5
-0.0032,-0.013471,-0.003035,-0.011305,-0.005203,3.8,3.5,3.5
0.00064,-0.011282,-0.013231,-0.001523,-0.008904,3.8,3.5,3.5
-0.002547,-0.006523,-0.009419,-0.012334,-0.006024,3.5,3.5,3.5
-0.00192,-0.005218,-0.007854,-0.005914,-0.010886,3.5,3.4,3.4
0,-0.0032,-0.013471,-0.011305,-0.005203,3.5,3.4,3.4
-0.001913,0.00064,-0.011282,-0.013231,-0.008904,3.5,3.4,3.4
0.000633,-0.002547,-0.006523,-0.012334,-0.009419,3.5,3.6,3.6
0.00192,-0.00192,-0.005218,-0.007854,-0.010886,3.5,3.6,3.6
0.001273,0,-0.011305,-0.013471,-0.0032,3.5,3.6,3.6
0.0032,0.00064,-0.011282,-0.001913,-0.013231,3.5,3.6,3.6
0.002556,0.000633,-0.006523,-0.002547,-0.012334,3.5,3.6,3.6
-0.00382,0.00192,-0.005218,-0.010886,-0.00192,3.5,3.6,3.6
0,0,-0.011305,0.001273,-0.0032,3.5,3.6,3.6
-0.0032,0.00064,-0.001913,0.0032,-0.013231,3.5,3.6,3.6
-0.005076,0.002556,-0.006523,0.000633,-0.002547,3.4,3.6,3.6
-0.006805,0.00192,-0.005218,-0.00382,-0.00192,3.6,3.6,3.6
-0.008735,0,0.001273,0,-0.0032,3.6,3.5,3.5
-0.00928,0.0032,0.00064,-0.001913,-0.0032,3.6,3.9,3.9
-0.005549,-0.005076,0.002556,0.000633,-0.002547,3.5,3.9,3.9
-0.00121,0.00192,-0.00192,-0.006805,-0.00382,3.3,3.9,3.9
-0.001214,0,0.001273,-0.008735,0,3.3,3.9,3.9
0.004272,-0.00928,-0.001913,0.0032,-0.0032,3.3,3.9,3.9
0.002445,-0.005076,0.002556,-0.005549,0.000633,3.3,3.9,3.9
-0.001801,0.00192,-0.00121,-0.00382,-0.006805,3.9,3.9,3.9
-0.002405,0,-0.008735,0.001273,-0.001214,3.9,3.4,3.4
-0.007855,-0.00928,-0.0032,0.0032,0.004272,3.9,3.4,3.4
-0.008418,0.002445,0.002556,-0.005076,-0.005549,3.9,3.4,3.4
-0.000596,-0.001801,-0.00121,-0.00382,-0.006805,3.9,3.3,3.3
-0.000596,0,-0.008735,-0.001214,-0.002405,3.9,3.5,3.5
0,-0.007855,-0.0032,-0.00928,0.004272,3.9,3.5,3.5
0.002961,-0.008418,0.002445,-0.005076,-0.005549,3.9,3.5,3.5
0,-0.000596,-0.00121,-0.001801,-0.006805,3.5,3.5,3.5
0.007287,-0.000596,-0.008735,-0.001214,-0.002405,3.5,3.2,3.2
0.012863,0,-0.00928,-0.007855,0.004272,3.5,3.2,3.2
0.011716,0.002961,0.002445,-0.008418,-0.005549,3.5,3.2,3.2
0.014876,0,-0.000596,-0.00121,-0.001801,3.5,3.6,3.6
0.008884,-0.000596,-0.002405,-0.001214,0.007287,3.5,3.6,3.6
0,-0.007855,0.004272,0.012863,0,3.6,3.6,3.6
-0.003156,0.011716,0.002961,0.002445,-0.008418,3.6,3.5,3.5
-0.001287,0,-0.000596,0.014876,-0.001801,3.6,3.8,3.8
0,-0.000596,-0.002405,0.008884,0.007287,3.6,3.8,3.8
0.0032,0,-0.007855,0.012863,0,3.6,3.8,3.8
0.003156,0.011716,0.002961,-0.003156,-0.008418,3.6,3.8,3.8
0.001933,-0.001287,-0.000596,0.014876,0,3.5,3.8,3.8
-0.003222,0,-0.000596,0.008884,0.007287,3.5,3.8,3.8
-0.001927,0.0032,0.012863,0,0,3.5,3.8,3.8
0.002564,0.011716,0.002961,-0.003156,0.003156,3.5,3.8,3.8
0,-0.001287,0.014876,0.001933,0,3.5,3.8,3.8
0.00064,-0.003222,0.008884,0,0.007287,3.5,3.8,3.8
0,0.0032,0.012863,-0.001927,0,3.5,3.8,3.8
-0.0032,0.011716,-0.003156,0.002564,0.003156,3.5,3.8,3.8
-0.003211,-0.001287,0.014876,0,0.001933,3.5,3.8,3.8
-0.004434,-0.003222,0.008884,0.00064,0,3.8,3.8,3.8
-0.003794,0,-0.001927,0.0032,0,3.8,3.5,3.5
-0.001894,0.002564,-0.003156,-0.0032,0.003156,3.8,3.7,3.7
0.000638,-0.001287,0,-0.003211,0.001933,3.8,3.7,3.7
0.003156,-0.004434,-0.003222,0.00064,0,3.8,3.7,3.7
0.007667,0,-0.001927,-0.003794,0.0032,3.8,3.7,3.7
0.008349,-0.0032,0.002564,-0.001894,0.003156,3.8,3.7,3.7
0.001927,0.000638,0,-0.003211,0.001933,3.8,3.7,3.7
0.001278,-0.004434,-0.003222,0.003156,0.00064,3.8,3.7,3.7
-0.003873,0.007667,-0.001927,-0.003794,0,3.8,3.7,3.7
-0.003256,0.008349,-0.0032,0.002564,-0.001894,3.8,3.7,3.7
0.001295,0.000638,0,0.001927,-0.003211,3.8,3.7,3.7
0.003887,0.001278,-0.004434,0.003156,0.00064,3.8,3.7,3.7
0.007163,-0.003873,-0.003794,0.007667,0,3.8,3.7,3.7
0.006568,-0.003256,-0.0032,-0.001894,0.008349,3.5,3.7,3.7
0.009326,0.001927,0.001295,-0.003211,0.000638,3.5,3.7,3.7
0.003301,0.003887,-0.004434,0.001278,0.003156,3.7,3.7,3.7
-0.000663,0.007163,-0.003873,0.007667,-0.003794,3.7,3.5,3.5
-0.005922,-0.003256,-0.001894,0.006568,0.008349,3.7,3.5,3.5
-0.010621,0.009326,0.001295,0.001927,0.000638,3.7,3.5,3.5
-0.003301,0.003301,0.001278,0.003887,0.003156,3.7,3.5,3.5
-0.001318,-0.000663,-0.003873,0.007163,0.007667,3.7,3.5,3.5
0.001953,-0.005922,-0.003256,0.006568,0.008349,3.7,3.5,3.5
0.003914,0.009326,-0.010621,0.001927,0.001295,3.7,3.5,3.5
0.001974,-0.003301,0.003301,0.003887,0.001278,3.7,3.5,3.5
0.001318,-0.000663,0.007163,-0.003873,-0.001318,3.7,3.5,3.5
0.001974,0.001953,-0.003256,0.006568,-0.005922,3.7,3.5,3.5
-0.001967,-0.010621,0.009326,0.003914,0.001295,3.7,3.5,3.5
-0.002627,-0.003301,0.003301,0.001974,0.003887,3.5,3.5,3.5
-0.009667,-0.000663,0.007163,-0.001318,0.001318,3.5,3.5,3.5
-0.015843,0.001953,0.006568,0.001974,-0.005922,3.5,3.5,3.5
-0.012608,-0.001967,0.009326,-0.010621,0.003914,3.5,3.1,3.1
-0.012608,-0.003301,0.003301,-0.002627,0.001974,3.5,3.2,3.2
-0.006176,-0.000663,-0.001318,-0.009667,0.001318,3.2,3.4,3.4
0.001831,0.001953,-0.005922,-0.015843,0.001974,3.3,3.9,3.9
0.001837,-0.001967,0.003914,-0.010621,-0.012608,3.4,3.9,3.9
-0.003021,-0.002627,-0.003301,-0.012608,0.001974,3.8,3.9,3.9
-0.003607,-0.006176,-0.001318,-0.009667,0.001318,3.8,3.9,3.9
-0.006032,0.001831,0.001953,-0.015843,0.001974,3.8,3.9,3.9
-0.006647,0.001837,0.003914,-0.012608,-0.001967,3.8,3.9,3.9
-0.000598,-0.003021,-0.012608,-0.002627,0.001974,3.8,3.9,3.9
0.002397,-0.006176,-0.009667,-0.003607,0.001318,3.8,3.9,3.9
0.00542,-0.006032,-0.015843,0.001831,0.001974,3.8,3.9,3.9
0.004201,-0.006647,-0.012608,-0.001967,0.001837,3.8,3.9,3.9
0.001801,-0.000598,-0.002627,-0.012608,-0.003021,3.8,3.9,3.9
0.002429,0.002397,-0.006176,-0.003607,-0.009667,3.8,3.9,3.9
-0.003031,0.00542,-0.006032,-0.015843,0.001831,3.9,3.9,3.9
-0.000606,0.004201,-0.006647,-0.012608,0.001837,3.9,3.6,3.6
-0.000602,0.001801,-0.000598,-0.012608,-0.003021,3.9,3.6,3.6
-0.00061,0.002397,-0.006176,0.002429,-0.003607,3.9,3.5,3.5
0.001206,0.00542,-0.006032,-0.003031,0.001831,3.9,3.5,3.5
0.001214,-0.000606,-0.006647,0.004201,0.001837,3.9,3.4,3.4
0.001206,-0.000602,0.001801,-0.000598,-0.003021,3.9,3.4,3.4
-0.003619,-0.00061,0.002429,0.002397,-0.003607,3.9,3.4,3.4
-0.006537,0.001206,-0.006032,-0.003031,0.00542,3.9,3.4,3.4
-0.010071,-0.000606,-0.006647,0.001214,0.004201,3.6,3.3,3.3
-0.008279,0.001206,0.001801,-0.000598,-0.000602,3.6,3.5,3.5
-0.004132,-0.003619,0.002397,-0.00061,0.002429,3.5,3.5,3.5
0,0.001206,-0.006537,-0.003031,0.00542,3.5,3.5,3.5
0,-0.010071,-0.000606,0.001214,0.004201,3.3,3.5,3.5
-0.003999,0.001206,0.001801,-0.008279,-0.000602,3.5,3.5,3.5
-0.002894,-0.003619,-0.00061,-0.004132,0.002429,3.5,3.5,3.5
-0.003467,0,0.001206,-0.006537,-0.003031,3.5,3.5,3.5
-0.003987,-0.010071,-0.000606,0,0.001214,3.5,3.5,3.5
-0.005011,0.001206,-0.008279,-0.003999,-0.000602,3.5,3.5,3.5
-0.006204,-0.003619,-0.00061,-0.004132,-0.002894,3.5,3.4,3.4
-0.005631,0,0.001206,-0.003467,-0.006537,3.5,3.4,3.4
-0.003346,0,-0.010071,-0.003987,0.001214,3.5,3.4,3.4
0.002766,0.001206,-0.008279,-0.005011,-0.003999,3.5,3.3,3.3
0.003923,-0.006204,-0.004132,-0.002894,-0.003619,3.5,3.3,3.3
0.001112,0,-0.005631,-0.003467,-0.006537,3.5,3.8,3.8
0.002784,-0.003987,-0.010071,-0.003346,0,3.4,3.8,3.8
0.002245,0.002766,-0.008279,-0.005011,-0.003999,3.4,3.8,3.8
-0.000566,-0.006204,-0.004132,0.003923,-0.002894,3.3,3.8,3.8
-0.000557,0.001112,-0.005631,-0.003467,0,3.8,3.8,3.8
-0.002231,0.002784,-0.003346,0,-0.003987,3.8,3.5,3.5
-0.00391,0.002766,-0.005011,0.002245,-0.003999,3.8,3.5,3.5
-0.001687,-0.000566,-0.006204,0.003923,-0.002894,3.8,3.5,3.5
0.001676,-0.000557,0.001112,-0.005631,-0.003467,3.8,3.5,3.5
0.002231,0.002784,-0.003346,-0.002231,-0.003987,3.8,3.5,3.5
0.001108,-0.00391,-0.005011,0.002245,0.002766,3.8,3.5,3.5
-0.00167,-0.001687,-0.006204,-0.000566,0.003923,3.8,3.5,3.5
-0.002784,-0.000557,0.001112,-0.005631,0.001676,3.8,3.5,3.5
-0.001676,0.002784,-0.002231,-0.003346,0.002231,3.8,3.5,3.5
-0.000555,0.001108,0.002766,-0.00391,0.002245,3.8,3.5,3.5
0.002231,-0.001687,-0.000566,-0.00167,0.003923,3.5,3.5,3.5
0.001108,-0.000557,0.001112,0.001676,-0.002784,3.5,3.5,3.5
0.001676,0.002231,-0.002231,0.002784,-0.001676,3.5,3.5,3.5
0.003923,0.001108,-0.00391,-0.000555,0.002245,3.5,3.5,3.5
0.001126,-0.001687,-0.000566,0.002231,-0.00167,3.5,3.5,3.5
0.002238,0.001108,0.001676,-0.002784,-0.000557,3.5,3.5,3.5
-0.001676,0.001676,-0.002231,0.002231,-0.001676,3.5,3.5,3.5
-0.002811,0.001108,-0.000555,0.003923,-0.00391,3.5,3.4,3.4
-0.001687,0.002231,-0.001687,0.001126,-0.00167,3.5,3.4,3.4
-0.002238,0.001108,-0.002784,0.001676,0.002238,3.5,3.4,3.4
0.003368,-0.001676,0.002231,-0.001676,0.001676,3.5,3.4,3.4
0.005093,-0.002811,0.001108,-0.000555,0.003923,3.5,3.4,3.4
0.010964,-0.001687,0.002231,0.001126,-0.00167,3.5,3.4,3.4
0.012676,-0.002238,-0.002784,0.001108,0.002238,3.5,3.4,3.4
0.014764,-0.001676,-0.001676,0.003368,0.001676,3.5,3.4,3.4
0.013718,0.005093,-0.000555,0.003923,-0.002811,3.5,3.4,3.4
0.011043,0.010964,0.002231,0.001126,-0.001687,3.5,3.4,3.4
0.018194,-0.002238,0.002238,0.012676,0.001108,3.5,3.4,3.4
0.020129,-0.001676,0.003368,0.014764,0.001676,3.5,3.4,3.4
0.027294,0.013718,0.005093,0.003923,-0.002811,3.5,3.4,3.4
0.02642,0.010964,0.001126,0.011043,-0.001687,3.5,3.4,3.4
0.024565,0.018194,-0.002238,0.002238,0.012676,3.5,3.4,3.4
0.017923,0.020129,-0.001676,0.003368,0.014764,3.5,3.4,3.4
0.008774,0.027294,0.005093,0.013718,-0.002811,3.4,3.4,3.4
0.009664,0.02642,-0.001687,0.011043,0.010964,3.4,3.3,3.3
0.002255,0.024565,-0.002238,0.012676,0.018194,3.4,3.4,3.4
0.003786,0.017923,0.020129,0.003368,0.014764,3.4,3.4,3.4
0.013919,0.027294,0.005093,0.008774,0.013718,3.4,3.4,3.4
0.01256,0.02642,0.011043,0.009664,0.010964,3.4,3.4,3.4
0.01734,0.002255,0.024565,0.012676,0.018194,3.4,3.4,3.4
0.020049,0.003786,0.020129,0.017923,0.014764,3.4,3.4,3.4
0.013205,0.013919,0.027294,0.008774,0.013718,3.4,3.4,3.4
0.014224,0.01256,0.011043,0.009664,0.02642,3.4,3.4,3.4
0.015331,0.01734,0.024565,0.002255,0.018194,3.4,3.4,3.4
0.015702,0.020049,0.020129,0.003786,0.017923,3.4,3.4,3.4
0.021455,0.013205,0.027294,0.008774,0.013919,3.4,3.4,3.4
0.018022,0.01256,0.009664,0.014224,0.02642,3.4,3.4,3.4
0.012716,0.015331,0.024565,0.01734,0.002255,3.4,3.4,3.4
0.015927,0.015702,0.020049,0.003786,0.017923,3.4,3.4,3.4
0.01254,0.021455,0.013205,0.008774,0.013919,3.4,3.4,3.4
0.023709,0.018022,0.009664,0.014224,0.01256,3.4,3.4,3.4
0.028841,0.015331,0.01734,0.012716,0.002255,3.4,3.4,3.4
0.031089,0.015927,0.015702,0.003786,0.020049,3.4,3.4,3.4
0.037505,0.01254,0.021455,0.013205,0.013919,3.4,3.6,3.6
0.034577,0.018022,0.014224,0.023709,0.01256,3.4,3.6,3.6
0.038897,0.012716,0.015331,0.028841,0.01734,3.4,3.6,3.6
0.040748,0.015927,0.015702,0.031089,0.020049,3.4,3.6,3.6
0.026844,0.01254,0.021455,0.013205,0.037505,3.4,3.6,3.6
0.019892,0.018022,0.023709,0.014224,0.034577,3.4,3.6,3.6
0.012671,0.012716,0.028841,0.015331,0.038897,3.4,3.6,3.6
0.010592,0.040748,0.015927,0.015702,0.031089,3.4,3.6,3.6
0.027025,0.026844,0.01254,0.037505,0.021455,3.4,3.6,3.6
0.031477,0.019892,0.023709,0.018022,0.034577,3.4,3.6,3.6
0.048137,0.012671,0.028841,0.012716,0.038897,3.4,3.6,3.6
0.043788,0.010592,0.015927,0.040748,0.031089,3.4,3.6,3.6
0.036318,0.027025,0.01254,0.026844,0.037505,3.4,3.6,3.6
0.047152,0.031477,0.023709,0.034577,0.019892,3.4,3.6,3.6
0.046725,0.048137,0.028841,0.012671,0.038897,3.4,3.6,3.6
0.051493,0.043788,0.010592,0.031089,0.040748,3.4,3.6,3.6
0.062376,0.036318,0.027025,0.026844,0.037505,3.4,3.6,3.6
0.043838,0.047152,0.031477,0.034577,0.019892,3.4,3.6,3.6
0.009149,0.046725,0.048137,0.012671,0.038897,3.4,3.6,3.6
0.005652,0.051493,0.010592,0.043788,0.040748,3.4,3.6,3.6
-0.009704,0.062376,0.036318,0.026844,0.027025,3.4,3.6,3.6
-0.015298,0.043838,0.031477,0.019892,0.047152,3.4,3.6,3.6
-0.00734,0.009149,0.046725,0.012671,0.048137,3.4,3.6,3.6
-0.029037,0.005652,0.010592,0.043788,0.051493,3.4,3.6,3.6
-0.0445,-0.009704,0.036318,0.062376,0.027025,3.4,3.6,3.6
-0.049911,-0.015298,0.043838,0.031477,0.047152,3.4,3.6,3.6
-0.051606,-0.00734,0.046725,0.009149,0.048137,3.6,3.6,3.6
-0.046446,-0.029037,0.005652,0.051493,0.043788,3.6,3.2,3.2
-0.022335,-0.0445,-0.009704,0.036318,0.062376,3.6,3.2,3.2
-0.006277,-0.049911,0.043838,-0.015298,0.047152,3.6,3.2,3.2
0.003072,-0.051606,0.046725,0.009149,-0.00734,3.6,3.1,3.1
0.0152,-0.046446,0.051493,0.005652,-0.029037,3.6,3.1,3.1
0.00154,-0.022335,-0.009704,-0.0445,0.062376,3.6,3.1,3.1
-0.013644,-0.006277,0.043838,-0.049911,-0.015298,3.1,3.5,3.5
-0.010611,0.003072,0.009149,-0.051606,-0.00734,3.1,3.5,3.5
-0.0152,0.0152,-0.046446,0.005652,-0.029037,3.1,3.5,3.5
-0.015041,0.00154,-0.009704,-0.0445,-0.022335,3.1,3.5,3.5
0.002976,-0.013644,-0.049911,-0.006277,-0.015298,3.1,3.5,3.5
0.0045,-0.010611,-0.051606,0.003072,-0.00734,3.1,3.5,3.5
-0.001476,-0.0152,-0.046446,0.0152,-0.029037,3.1,3.5,3.5
-0.0058,-0.015041,-0.0445,-0.022335,0.00154,3.2,3.5,3.5
-0.024344,0.002976,-0.049911,-0.006277,-0.013644,3.3,3.5,3.5
-0.03008,0.0045,-0.051606,0.003072,-0.010611,3.3,3.5,3.5
-0.023973,-0.001476,-0.046446,0.0152,-0.0152,3.3,3.5,3.5
-0.016705,-0.0058,-0.015041,-0.022335,0.00154,3.3,3.5,3.5
-0.013372,-0.024344,-0.006277,0.002976,-0.013644,3.5,3.5,3.5
-0.017088,-0.03008,0.003072,0.0045,-0.010611,3.5,3.4,3.4
-0.024497,-0.023973,-0.001476,0.0152,-0.0152,3.5,3.4,3.4
-0.035344,-0.016705,-0.0058,-0.015041,0.00154,3.5,3.4,3.4
-0.031884,-0.013372,-0.024344,0.002976,-0.013644,3.5,3.4,3.4
-0.024285,-0.017088,-0.010611,0.0045,-0.03008,3.5,3.4,3.4
-0.025734,-0.024497,-0.023973,-0.001476,-0.0152,3.5,3.5,3.5
-0.023621,-0.035344,-0.0058,-0.016705,-0.015041,3.5,3.5,3.5
-0.014551,-0.031884,0.002976,-0.024344,-0.013372,3.5,3.5,3.5
-0.012424,-0.024285,-0.017088,0.0045,-0.03008,3.5,3.5,3.5
0.004487,-0.025734,-0.023973,-0.024497,-0.001476,3.5,3.5,3.5
0.010967,-0.035344,-0.0058,-0.016705,-0.023621,3.5,3.5,3.5
-0.004309,-0.014551,-0.024344,-0.013372,-0.031884,3.5,3.5,3.5
-0.006521,-0.012424,-0.017088,-0.024285,-0.03008,3.5,3.5,3.5
-0.020612,-0.025734,-0.023973,-0.024497,0.004487,3.5,3.5,3.5
-0.021457,-0.035344,-0.016705,0.010967,-0.023621,3.5,3.5,3.5
-0.012479,-0.014551,-0.004309,-0.013372,-0.031884,3.5,3.5,3.5
-0.019549,-0.006521,-0.017088,-0.024285,-0.012424,3.5,3.5,3.5
-0.018966,0.004487,-0.024497,-0.020612,-0.025734,3.4,3.5,3.5
-0.02061,-0.021457,-0.035344,0.010967,-0.023621,3.4,3.5,3.5
-0.021274,-0.012479,-0.014551,-0.004309,-0.031884,3.4,3.5,3.5
-0.016195,-0.019549,-0.024285,-0.006521,-0.012424,3.4,3.5,3.5
-0.003802,0.004487,-0.020612,-0.018966,-0.025734,3.4,3.5,3.5
-0.001869,-0.02061,-0.021457,0.010967,-0.023621,3.4,3.5,3.5
0,-0.012479,-0.014551,-0.021274,-0.004309,3.4,3.5,3.5
0.00653,-0.019549,-0.006521,-0.016195,-0.012424,3.4,3.5,3.5
-0.001877,-0.003802,-0.020612,-0.018966,0.004487,3.4,3.5,3.5
0.003754,-0.001869,-0.02061,0.010967,-0.021457,3.4,3.5,3.5
0.008465,0,-0.012479,-0.021274,-0.004309,3.4,3.5,3.5
0.008681,0.00653,-0.006521,-0.019549,-0.016195,3.4,3.5,3.5
0.020522,-0.003802,-0.020612,-0.001877,-0.018966,3.4,3.5,3.5
0.022866,0.003754,-0.02061,-0.001869,-0.021457,3.4,3.5,3.5
0.020008,0.008465,-0.012479,-0.021274,0,3.4,3.5,3.5
0.011072,0.00653,-0.016195,-0.019549,0.008681,3.5,3.5,3.5
0.006211,0.020522,-0.003802,-0.001877,-0.018966,3.5,3.3,3.3
0.006349,0.022866,-0.02061,-0.001869,0.003754,3.5,3.3,3.3
0.011771,0.008465,0,-0.021274,0.020008,3.5,3.3,3.3
0.020429,0.011072,0.00653,0.008681,-0.016195,3.5,3.3,3.3
0.023093,0.020522,-0.001877,0.006211,-0.003802,3.5,3.3,3.3
0.018945,0.022866,0.003754,-0.001869,0.006349,3.5,3.3,3.3
0.013523,0.011771,0,0.020008,0.008465,3.5,3.3,3.3
0.005673,0.020429,0.011072,0.00653,0.008681,3.5,3.3,3.3
-0.003435,0.020522,0.006211,-0.001877,0.023093,3.5,3.3,3.3
-0.002306,0.022866,0.003754,0.006349,0.018945,3.5,3.3,3.3
0.008241,0.011771,0.013523,0.008465,0.020008,3.5,3.3,3.3
0.0166,0.020429,0.011072,0.005673,0.008681,3.5,3.3,3.3
0.026342,-0.003435,0.020522,0.006211,0.023093,3.5,3.3,3.3
0.030438,0.018945,0.006349,-0.002306,0.022866,3.5,3.3,3.3
0.022488,0.008241,0.011771,0.013523,0.020008,3.5,3.3,3.3
0.019056,0.020429,0.011072,0.0166,0.005673,3.5,3.3,3.3
0.01292,0.026342,0.006211,0.023093,-0.003435,3.5,3.3,3.3
0.014601,0.018945,0.006349,0.030438,-0.002306,3.5,3.3,3.3
0.012005,0.022488,0.011771,0.013523,0.008241,3.5,3.3,3.3
0.013506,0.019056,0.0166,0.005673,0.020429,3.5,3.3,3.3
0.010804,0.01292,-0.003435,0.023093,0.026342,3.5,3.3,3.3
0.006906,0.014601,0.030438,-0.002306,0.018945,3.5,3.3,3.3
0.011135,0.012005,0.022488,0.013523,0.008241,3.5,3.3,3.3
0.008436,0.013506,0.0166,0.019056,0.005673,3.5,3.3,3.3
0.014134,0.010804,0.01292,0.026342,-0.003435,3.5,3.3,3.3
0.007084,0.006906,0.014601,0.030438,-0.002306,3.5,3.3,3.3
-0.005624,0.011135,0.022488,0.008241,0.012005,3.5,3.3,3.3
-0.001424,0.008436,0.0166,0.019056,0.013506,3.5,3.3,3.3
-0.008566,0.014134,0.01292,0.026342,0.010804,3.5,3.3,3.3
-0.004272,0.007084,0.014601,0.006906,0.030438,3.3,3.3,3.3
0.007048,-0.005624,0.022488,0.011135,0.012005,3.3,3.3,3.3
0.00574,-0.001424,0.019056,0.008436,0.013506,3.3,3.3,3.3
0.011481,-0.008566,0.01292,0.014134,0.010804,3.3,3.3,3.3
0.014501,-0.004272,0.014601,0.006906,0.007084,3.3,3.3,3.3
0.0192,0.007048,-0.005624,0.011135,0.012005,3.3,3.3,3.3
0.007344,0.00574,-0.001424,0.008436,0.013506,3.3,3.4,3.4
0.002945,0.011481,-0.008566,0.014134,0.010804,3.3,3.4,3.4
-0.004429,0.014501,0.006906,0.007084,-0.004272,3.3,3.4,3.4
-0.007539,0.0192,0.007048,0.011135,-0.005624,3.3,3.4,3.4
0,0.007344,0.008436,-0.001424,0.00574,3.3,3.4,3.4
-0.007306,0.002945,-0.008566,0.011481,0.014134,3.3,3.4,3.4
0.002945,-0.004429,0.014501,0.007084,-0.004272,3.3,3.4,3.4
0.001492,-0.007539,0.007048,0.0192,-0.005624,3.3,3.4,3.4
0.001492,0,0.00574,-0.001424,0.007344,3.3,3.4,3.4
0,-0.007306,0.002945,-0.008566,0.011481,3.3,3.4,3.4
-0.007306,0.002945,-0.004429,0.014501,-0.004272,3.3,3.4,3.4
-0.017403,0.001492,0.007048,-0.007539,0.0192,3.3,3.4,3.4
-0.025712,0.001492,0.007344,0.00574,0,3.3,3.4,3.4
-0.014062,0,0.002945,-0.007306,0.011481,3.4,3.4,3.4
-0.019491,-0.007306,0.002945,-0.004429,0.014501,3.4,3.4,3.4
-0.019006,-0.017403,0.001492,-0.007539,0.0192,3.4,3.4,3.4
-0.01589,-0.025712,0.001492,0.007344,0,3.4,3.4,3.4
-0.026105,-0.014062,0.002945,-0.007306,0,3.4,3.4,3.4
-0.026817,-0.019491,0.002945,-0.007306,-0.004429,3.4,3.4,3.4
-0.012795,-0.019006,0.001492,-0.007539,-0.017403,3.2,3.4,3.4
-0.014988,-0.01589,-0.025712,0,0.001492,3.4,3.4,3.4
-0.006141,-0.026105,-0.007306,-0.014062,0,3.4,3.3,3.3
0,-0.026817,-0.019491,-0.007306,0.002945,3.4,3.4,3.4
-0.012195,-0.012795,0.001492,-0.019006,-0.017403,3.4,3.4,3.4
-0.011856,-0.014988,-0.01589,-0.025712,0.001492,3.4,3.4,3.4
-0.013011,-0.006141,-0.014062,-0.026105,0,3.4,3.4,3.4
-0.01758,0,-0.019491,-0.007306,-0.026817,3.4,3.4,3.4
-0.019471,-0.012195,-0.019006,-0.012795,-0.017403,3.4,3.4,3.4
-0.014618,-0.011856,-0.01589,-0.014988,-0.025712,3.4,3.4,3.4
-0.007942,-0.013011,-0.006141,-0.014062,-0.026105,3.4,3.4,3.4
-0.008893,-0.01758,-0.019491,0,-0.026817,3.4,3.4,3.4
-0.001099,-0.019471,-0.019006,-0.012795,-0.012195,3.4,3.4,3.4
0.003297,-0.011856,-0.01589,-0.014988,-0.014618,3.3,3.4,3.4
-0.008773,-0.007942,-0.006141,-0.026105,-0.013011,3.3,3.4,3.4
-0.006463,-0.01758,0,-0.008893,-0.026817,3.3,3.4,3.4
-0.011771,-0.019471,-0.001099,-0.012795,-0.012195,3.4,3.4,3.4
-0.017087,-0.011856,-0.014618,0.003297,-0.014988,3.4,3.3,3.3
-0.011565,-0.007942,-0.006141,-0.008773,-0.013011,3.4,3.3,3.3
-0.009379,-0.01758,-0.008893,0,-0.006463,3.4,3.3,3.3
-0.004141,-0.019471,-0.001099,-0.011771,-0.012195,3.4,3.3,3.3
0.00207,-0.011856,-0.014618,0.003297,-0.017087,3.4,3.3,3.3
0,-0.007942,-0.008773,-0.011565,-0.013011,3.4,3.3,3.3
0,-0.009379,-0.008893,-0.006463,-0.01758,3.4,3.3,3.3
-0.004069,-0.004141,-0.001099,-0.019471,-0.011771,3.4,3.3,3.3
-0.009177,0.00207,-0.014618,0.003297,-0.017087,3.4,3.3,3.3
-0.004069,0,-0.008773,-0.011565,-0.007942,3.4,3.3,3.3
-0.008035,-0.009379,-0.008893,0,-0.006463,3.4,3.3,3.3
-0.010838,-0.004141,-0.011771,-0.004069,-0.001099,3.4,3.3,3.3
-0.00979,0.00207,-0.017087,0.003297,-0.009177,3.4,3.3,3.3
-0.006955,0,-0.011565,-0.008773,-0.004069,3.4,3.3,3.3
-0.003915,-0.008035,-0.009379,0,-0.006463,3.4,3.3,3.3
0.005848,-0.004141,-0.011771,-0.004069,-0.010838,3.4,3.3,3.3
0.003866,-0.00979,-0.017087,-0.009177,0.00207,3.4,3.3,3.3
0.002955,-0.006955,-0.011565,-0.004069,0,3.4,3.4,3.4
0.007898,-0.008035,0,-0.009379,-0.003915,3.4,3.4,3.4
0.000989,-0.004141,-0.004069,0.005848,-0.010838,3.4,3.4,3.4
-0.002906,-0.00979,-0.009177,0.003866,0.00207,3.4,3.4,3.4
-0.006838,0.002955,-0.006955,-0.004069,0,3.4,3.4,3.4
-0.014593,0.007898,0,-0.008035,-0.003915,3.4,3.4,3.4
-0.01441,0.000989,-0.004069,0.005848,-0.010838,3.4,3.4,3.4
-0.008501,-0.00979,-0.009177,-0.002906,0.003866,3.3,3.4,3.4
-0.007572,0.002955,-0.006955,-0.004069,-0.006838,3.3,3.4,3.4
0.001893,0.007898,-0.008035,-0.014593,-0.003915,3.3,3.4,3.4
0.01441,-0.01441,0.000989,0.005848,-0.010838,3.3,3.4,3.4
0.01733,-0.008501,-0.00979,-0.002906,0.003866,3.3,3.4,3.4
0.016401,-0.006838,-0.006955,-0.007572,0.002955,3.3,3.4,3.4
0.0127,0.001893,0.007898,-0.014593,-0.003915,3.3,3.4,3.4
-0.000989,-0.01441,0.000989,0.01441,0.005848,3.4,3.4,3.4
-0.002981,0.01733,-0.002906,0.003866,-0.008501,3.4,3.4,3.4
0.003019,0.016401,-0.006838,-0.007572,0.002955,3.4,3.4,3.4
0.002017,0.001893,0.007898,-0.014593,0.0127,3.4,3.4,3.4
-0.000985,-0.000989,0.000989,-0.01441,0.01441,3.4,3.4,3.4
-0.002943,-0.002981,0.01733,-0.002906,-0.008501,3.4,3.4,3.4
-0.006,0.003019,0.016401,-0.006838,-0.007572,3.4,3.4,3.4
-0.005011,0.001893,-0.014593,0.002017,0.0127,3.4,3.4,3.4
-0.001958,-0.000989,-0.01441,-0.000985,0.01441,3.4,3.4,3.4
0.006926,-0.002981,0.01733,-0.002943,-0.008501,3.4,3.2,3.2
0.006,-0.006,0.016401,0.003019,-0.007572,3.4,3.2,3.2
0.005011,0.001893,0.002017,-0.005011,0.0127,3.4,3.2,3.2
0.014063,-0.000989,-0.000985,-0.001958,0.01441,3.4,3.3,3.3
0.007137,-0.002943,0.01733,0.006926,-0.002981,3.4,3.3,3.3
0.0072,0.006,0.016401,-0.006,0.003019,3.4,3.3,3.3
0.009297,0.002017,-0.005011,0.005011,0.0127,3.4,3.3,3.3
0.009504,-0.000989,-0.000985,0.014063,-0.001958,3.4,3.3,3.3
0.017163,-0.002943,0.006926,0.007137,-0.002981,3.4,3.3,3.3
0.017316,0.0072,-0.006,0.003019,0.006,3.4,3.3,3.3
0.019746,0.009297,0.002017,-0.005011,0.005011,3.4,3.3,3.3
0.015565,0.014063,-0.000985,0.009504,-0.001958,3.4,3.3,3.3
0.012539,-0.002943,0.006926,0.007137,0.017163,3.4,3.3,3.3
0.015025,0.017316,-0.006,0.006,0.0072,3.4,3.4,3.4
0.016523,0.009297,-0.005011,0.019746,0.005011,3.4,3.4,3.4
0.020302,0.009504,-0.001958,0.015565,0.014063,3.4,3.4,3.4
0.023235,0.012539,0.006926,0.007137,0.017163,3.4,3.4,3.4
0.021086,0.017316,0.015025,0.006,0.0072,3.4,3.4,3.4
0.011213,0.016523,0.009297,0.019746,0.005011,3.4,3.4,3.4
0.010136,0.009504,0.015565,0.020302,0.014063,3.4,3.4,3.4
0.006475,0.023235,0.007137,0.017163,0.012539,3.4,3.4,3.4
0.001295,0.021086,0.017316,0.015025,0.0072,3.4,3.4,3.4
0.001276,0.011213,0.009297,0.016523,0.019746,3.4,3.4,3.4
0.006539,0.010136,0.015565,0.009504,0.020302,3.4,3.4,3.4
-0.003904,0.006475,0.012539,0.017163,0.023235,3.4,3.4,3.4
-0.001295,0.001295,0.017316,0.021086,0.015025,3.2,3.4,3.4
-0.001276,0.001276,0.016523,0.019746,0.011213,3.2,3.4,3.4
-0.011656,0.006539,0.015565,0.010136,0.020302,3.2,3.4,3.4
-0.008891,-0.003904,0.012539,0.006475,0.023235,3.3,3.4,3.4
-0.001289,-0.001295,0.001295,0.021086,0.015025,3.3,3.6,3.6
-0.00127,-0.001276,0.016523,0.001276,0.011213,3.3,3.6,3.6
-0.001264,-0.011656,0.006539,0.010136,0.020302,3.4,3.6,3.6
0.003773,-0.008891,-0.003904,0.006475,0.023235,3.4,3.6,3.6
0.001289,-0.001289,0.001295,0.021086,-0.001295,3.4,3.6,3.6
0.006412,-0.00127,0.001276,-0.001276,0.011213,3.4,3.6,3.6
0.008977,-0.001264,-0.011656,0.010136,0.006539,3.4,3.6,3.6
0.003829,0.003773,-0.003904,0.006475,-0.008891,3.4,3.6,3.6
-0.001289,0.001289,-0.001289,-0.001295,0.001295,3.4,3.6,3.6
0.002609,0.006412,0.001276,-0.00127,-0.001276,3.4,3.6,3.6
0,0.008977,-0.011656,-0.001264,0.006539,3.4,3.6,3.6
0.006507,0.003829,-0.003904,0.003773,-0.008891,3.4,3.6,3.6
-0.008848,-0.001289,-0.001289,-0.001295,0.001289,3.6,3.6,3.6
-0.017742,0.002609,0.006412,-0.00127,-0.001276,3.6,3.3,3.3
-0.015206,0,-0.011656,-0.001264,0.008977,3.6,3.5,3.5
-0.012857,0.006507,0.003829,0.003773,-0.008891,3.6,3.5,3.5
0.012733,-0.008848,-0.001289,-0.001289,0.001289,3.6,3.5,3.5
0.01255,-0.017742,0.002609,-0.00127,0.006412,3.6,3.5,3.5
0.006229,-0.015206,-0.001264,0,0.008977,3.6,3.5,3.5
0.010235,-0.012857,0.003829,0.006507,0.003773,3.6,3.5,3.5
-0.005167,0.012733,0.001289,-0.001289,-0.008848,3.6,3.5,3.5
-0.008848,0.01255,0.002609,-0.017742,0.006412,3.3,3.5,3.5
-0.008679,0.006229,-0.015206,0,0.008977,3.3,3.5,3.5
-0.021289,0.010235,0.003829,-0.012857,0.006507,3.3,3.5,3.5
-0.025562,-0.005167,-0.001289,-0.008848,0.012733,3.5,3.5,3.5
-0.02485,-0.008848,0.002609,0.01255,-0.017742,3.5,3.4,3.4
-0.018797,-0.008679,-0.015206,0,0.006229,3.5,3.4,3.4
-0.022963,-0.021289,-0.012857,0.006507,0.010235,3.5,3.4,3.4
-0.014618,-0.025562,-0.005167,-0.008848,0.012733,3.5,3.4,3.4
-0.013161,-0.02485,0.01255,-0.017742,-0.008848,3.5,3.4,3.4
-0.016416,-0.018797,-0.015206,-0.008679,0.006229,3.5,3.2,3.2
-0.011771,-0.021289,-0.012857,-0.022963,0.010235,3.5,3.2,3.2
-0.018887,-0.014618,-0.025562,-0.005167,0.012733,3.4,3.2,3.2
-0.018479,-0.013161,0.01255,-0.02485,-0.008848,3.4,3.2,3.2
-0.020269,-0.016416,-0.018797,-0.008679,0.006229,3.4,3.2,3.2
-0.021917,-0.011771,-0.022963,-0.021289,0.010235,3.4,3.2,3.2
-0.020263,-0.014618,-0.025562,-0.018887,-0.005167,3.4,3.2,3.2
-0.014349,-0.018479,-0.02485,-0.008848,-0.013161,3.4,3.2,3.2
-0.009505,-0.020269,-0.018797,-0.016416,-0.008679,3.4,3.2,3.2
-0.004703,-0.021917,-0.021289,-0.022963,-0.011771,3.4,3.2,3.2
0,-0.018887,-0.014618,-0.025562,-0.020263,3.2,3.2,3.2
-0.002764,-0.018479,-0.02485,-0.014349,-0.013161,3.2,3.2,3.2
-0.000929,-0.020269,-0.018797,-0.009505,-0.016416,3.2,3.2,3.2
-0.006423,-0.021917,-0.004703,-0.011771,-0.022963,3.2,3.2,3.2
-0.003662,0,-0.014618,-0.020263,-0.018887,3.2,3.2,3.2
-0.000914,-0.018479,-0.002764,-0.014349,-0.013161,3.2,3.2,3.2
-0.007295,-0.000929,-0.020269,-0.009505,-0.016416,3.2,3.2,3.2
-0.004476,-0.021917,-0.004703,-0.006423,-0.011771,3.2,3.3,3.3
-0.001809,-0.003662,-0.020263,0,-0.018887,3.2,3.3,3.3
-0.002719,-0.018479,-0.000914,-0.014349,-0.002764,3.2,3.3,3.3
0.002708,-0.007295,-0.020269,-0.000929,-0.009505,3.2,3.3,3.3
0.010899,-0.021917,-0.006423,-0.004476,-0.004703,3.2,3.3,3.3
0.005471,-0.003662,-0.020263,-0.001809,0,3.2,3.3,3.3
0,-0.000914,-0.002719,-0.014349,-0.002764,3.3,3.3,3.3
-0.005383,-0.007295,-0.009505,-0.000929,0.002708,3.3,3.2,3.2
-0.013542,0.010899,-0.006423,-0.004476,-0.004703,3.3,3.2,3.2
-0.018582,-0.003662,-0.001809,0.005471,0,3.3,3.2,3.2
-0.0148,-0.000914,-0.002719,0,-0.002764,3.3,3.1,3.1
-0.013736,-0.005383,-0.007295,-0.000929,0.002708,3.3,3.1,3.1
-0.006894,-0.013542,-0.006423,0.010899,-0.004476,3.3,3.1,3.1
0.00085,-0.018582,-0.003662,-0.001809,0.005471,3.2,3.3,3.3
0.00771,0,-0.000914,-0.002719,-0.0148,3.2,3.3,3.3
0.011093,-0.013736,-0.005383,0.002708,-0.007295,3.2,3.4,3.4
0.00515,-0.006894,0.010899,-0.013542,-0.004476,3.2,3.4,3.4
0.006044,0.00085,-0.001809,0.005471,-0.018582,3.2,3.4,3.4
-0.001737,0,-0.002719,0.00771,-0.0148,3.1,3.4,3.4
-0.004334,-0.013736,-0.005383,0.011093,0.002708,3.1,3.4,3.4
-0.003447,0.00515,0.010899,-0.013542,-0.006894,3.3,3.4,3.4
-0.00774,0.00085,0.006044,-0.018582,0.005471,3.3,3.4,3.4
-0.006812,-0.001737,0,0.00771,-0.0148,3.3,3.4,3.4
-0.003406,-0.004334,-0.005383,-0.013736,0.011093,3.3,3.4,3.4
-0.003393,0.00515,-0.006894,-0.013542,-0.003447,3.4,3.4,3.4
-0.004183,-0.00774,-0.018582,0.006044,0.00085,3.4,3.4,3.4
-0.00167,-0.001737,-0.0148,-0.006812,0.00771,3.4,3.4,3.4
0.000846,-0.003406,-0.013736,-0.004334,0.011093,3.4,3.2,3.2
0.003393,-0.003393,-0.006894,-0.003447,0.00515,3.4,3.2,3.2
0.007589,-0.00774,0.006044,-0.004183,0.00085,3.4,3.2,3.2
0.006759,-0.001737,-0.006812,-0.00167,0.00771,3.4,3.2,3.2
0.010425,-0.003406,-0.004334,0.000846,0.011093,3.4,3.2,3.2
0.006068,0.003393,-0.003393,-0.003447,0.00515,3.4,3.2,3.2
0.005212,-0.00774,0.006044,0.007589,-0.004183,3.4,3.2,3.2
0.005212,0.006759,-0.001737,-0.006812,-0.00167,3.4,3.2,3.2
-0.000888,0.010425,-0.004334,-0.003406,0.000846,3.4,3.1,3.1
0.005339,0.006068,-0.003393,-0.003447,0.003393,3.4,3.1,3.1
0.00444,-0.00774,0.007589,0.005212,-0.004183,3.2,3.1,3.1
0.005339,0.006759,-0.006812,0.005212,-0.00167,3.2,3.1,3.1
0.000888,-0.000888,-0.003406,0.000846,0.010425,3.2,3.1,3.1
-0.001794,0.005339,-0.003393,0.006068,0.003393,3.2,3.6,3.6
0.000899,0.007589,0.005212,0.00444,-0.004183,3.2,3.6,3.6
0.000903,0.006759,0.005212,0.005339,-0.00167,3.2,3.6,3.6
0.005405,0.000888,-0.000888,0.000846,0.010425,3.2,3.6,3.6
0.005427,-0.001794,0.003393,0.006068,0.005339,3.2,3.6,3.6
0.00455,0.000899,0.007589,0.005212,0.00444,3.2,3.6,3.6
0.005494,0.000903,0.005212,0.006759,0.005339,3.2,3.6,3.6
0.007416,0.000888,-0.000888,0.005405,0.010425,3.2,3.6,3.6
0.006503,0.005427,-0.001794,0.006068,0.005339,3.2,3.6,3.6
0.00653,0.00455,0.000899,0.00444,0.005212,3.2,3.6,3.6
0.002798,0.005494,0.005212,0.005339,0.000903,3.1,3.6,3.6
-0.00281,0.007416,-0.000888,0.000888,0.005405,3.1,3.6,3.6
-0.004664,0.006503,0.005427,-0.001794,0.005339,3.1,3.6,3.6
-0.008361,0.00653,0.000899,0.00455,0.00444,3.1,3.6,3.6
-0.010989,0.005494,0.005339,0.002798,0.000903,3.6,3.6,3.6
-0.007325,-0.00281,0.000888,0.007416,0.005405,3.6,3.4,3.4
-0.003662,0.006503,0.005427,-0.001794,-0.004664,3.6,3.4,3.4
-0.00091,0.00653,0.000899,0.00455,-0.008361,3.6,3.4,3.4
0.002697,-0.010989,0.005494,0.002798,0.000903,3.6,3.4,3.4
0.000903,-0.007325,-0.00281,0.007416,0.005405,3.6,3.4,3.4
-0.001809,-0.003662,0.005427,-0.004664,0.006503,3.6,3.4,3.4
-0.008025,-0.00091,0.00653,0.00455,-0.008361,3.6,3.4,3.4
-0.007119,-0.010989,0.005494,0.002697,0.002798,3.4,3.4,3.4
-0.010593,0.000903,-0.00281,0.007416,-0.007325,3.4,3.4,3.4
-0.009691,-0.003662,-0.004664,-0.001809,0.006503,3.4,3.4,3.4
-0.005191,-0.008025,-0.00091,0.00653,-0.008361,3.4,3.4,3.4
-0.01026,-0.010989,-0.007119,0.002697,0.002798,3.4,3.5,3.5
-0.008449,-0.010593,-0.00281,-0.007325,0.000903,3.4,3.5,3.5
-0.009275,-0.009691,-0.003662,-0.004664,-0.001809,3.4,3.5,3.5
-0.009203,-0.008025,-0.00091,-0.005191,-0.008361,3.5,3.5,3.5
-0.006576,-0.010989,-0.007119,-0.01026,0.002697,3.5,3.5,3.5
-0.004913,-0.010593,-0.008449,-0.007325,0.000903,3.5,3.5,3.5
-0.000824,-0.009691,-0.003662,-0.001809,-0.009275,3.5,3.5,3.5
0.003301,-0.005191,-0.00091,-0.008025,-0.009203,3.5,3.5,3.5
0.009942,0.002697,-0.007119,-0.006576,-0.01026,3.5,3.5,3.5
0.015091,-0.004913,-0.008449,0.000903,-0.010593,3.5,3.5,3.5
0.012699,-0.009691,-0.009275,-0.001809,-0.000824,3.5,3.5,3.5
0.008482,0.003301,-0.005191,-0.008025,-0.009203,3.5,3.5,3.5
0.00515,0.009942,-0.007119,-0.006576,-0.01026,3.5,3.5,3.5
0,0.015091,-0.004913,-0.008449,-0.010593,3.5,3.5,3.5
0,0.012699,-0.009275,-0.009691,-0.000824,3.5,3.5,3.5
0,0.003301,-0.009203,-0.005191,0.008482,3.5,3.5,3.5
0.002621,0.00515,0.009942,-0.006576,-0.01026,3.5,3.5,3.5
0,0,0.015091,-0.004913,-0.008449,3.5,3.5,3.5
-0.003461,0,-0.000824,-0.009275,0.012699,3.5,3.4,3.4
-0.005972,0,-0.009203,0.008482,0.003301,3.5,3.4,3.4
-0.009461,0.002621,0.009942,-0.006576,0.00515,3.5,3.4,3.4
-0.009349,0,0.015091,-0.004913,0,3.5,3.4,3.4
-0.007589,-0.003461,-0.000824,0.012699,0,3.2,3.4,3.4
-0.00251,0,0.008482,-0.005972,0.003301,3.2,3.4,3.4
-0.00906,0.002621,0.009942,-0.009461,0.00515,3.4,3.4,3.4
-0.008156,-0.009349,0.015091,0,0,3.4,3.3,3.3
-0.004913,-0.007589,-0.003461,0.012699,0,3.4,3.3,3.3
-0.010543,-0.00251,0.008482,-0.005972,0,3.4,3.3,3.3
-0.003992,0.002621,-0.00906,0.00515,-0.009461,3.4,3.3,3.3
-0.006303,-0.008156,-0.009349,0,0,3.4,3.3,3.3
-0.01256,-0.007589,-0.003461,-0.004913,0,3.4,3.3,3.3
-0.010032,-0.00251,-0.005972,-0.010543,0,3.4,3.3,3.3
-0.009278,0.002621,-0.00906,-0.003992,-0.009461,3.4,3.3,3.3
-0.003844,-0.006303,-0.009349,-0.008156,0,3.4,3.3,3.3
-0.003772,-0.007589,-0.003461,-0.01256,-0.004913,3.3,3.4,3.4
-0.002247,-0.010032,-0.005972,-0.00251,-0.010543,3.3,3.4,3.4
-0.004485,-0.009278,-0.00906,-0.003992,-0.009461,3.3,3.4,3.4
-0.003023,-0.006303,-0.009349,-0.008156,-0.003844,3.3,3.4,3.4
-0.000746,-0.01256,-0.003772,-0.007589,-0.004913,3.3,3.5,3.5
-0.003689,-0.002247,-0.00251,-0.010543,-0.010032,3.4,3.5,3.5
-0.003662,-0.004485,-0.00906,-0.009278,-0.003992,3.4,3.5,3.5
-0.008087,-0.003023,-0.008156,-0.006303,-0.003844,3.5,3.5,3.5
-0.009453,-0.01256,-0.000746,-0.003772,-0.004913,3.5,3.5,3.5
-0.009283,-0.002247,-0.010543,-0.003689,-0.010032,3.5,3.5,3.5
-0.007127,-0.004485,-0.009278,-0.003662,-0.003992,3.5,3.4,3.4
-0.007076,-0.003023,-0.006303,-0.008087,-0.003844,3.5,3.4,3.4
-0.003519,-0.01256,-0.000746,-0.009453,-0.003772,3.5,3.4,3.4
0,-0.009283,-0.003689,-0.002247,-0.010032,3.5,3.4,3.4
-0.002088,-0.007127,-0.009278,-0.003662,-0.004485,3.5,3.4,3.4
-0.000694,-0.007076,-0.003023,-0.008087,-0.003844,3.4,3.4,3.4
-0.00139,-0.003519,-0.000746,-0.009453,-0.003772,3.4,3.4,3.4
-0.000696,0,-0.003689,-0.009283,-0.002247,3.4,3.4,3.4
0.00139,-0.007127,-0.002088,-0.004485,-0.003662,3.4,3.4,3.4
0.003493,-0.007076,-0.003023,-0.000694,-0.008087,3.4,3.7,3.7
0.00279,-0.003519,-0.000746,-0.00139,-0.009453,3.4,3.7,3.7
-0.004804,0,-0.009283,-0.003689,-0.000696,3.7,3.7,3.7
-0.007523,0.00139,-0.003662,-0.002088,-0.007127,3.7,3.4,3.4
-0.010963,-0.000694,-0.007076,0.003493,-0.008087,3.7,3.4,3.4
-0.013561,0.00279,-0.00139,-0.003519,-0.009453,3.7,3.4,3.4
-0.009261,0,-0.009283,-0.000696,-0.004804,3.7,3.4,3.4
-0.009802,-0.007523,0.00139,-0.002088,-0.007127,3.7,3.4,3.4
-0.009734,-0.000694,0.003493,-0.007076,-0.010963,3.4,3.4,3.4
-0.008946,-0.013561,-0.00139,0.00279,-0.003519,3.4,3.4,3.4
-0.01248,-0.009261,-0.000696,-0.004804,0,3.4,3.4,3.4
-0.010518,-0.009802,0.00139,-0.002088,-0.007523,3.4,3.4,3.4
-0.01223,-0.000694,-0.010963,0.003493,-0.009734,3.4,3.5,3.5
-0.007336,-0.013561,-0.008946,0.00279,-0.00139,3.2,3.5,3.5
-0.003583,-0.009261,-0.000696,-0.01248,-0.004804,3.5,3.5,3.5
-0.003571,-0.009802,-0.007523,0.00139,-0.010518,3.5,3.4,3.4
-0.002932,-0.010963,-0.009734,0.003493,-0.01223,3.5,3.4,3.4
-0.005313,-0.007336,-0.008946,0.00279,-0.013561,3.5,3.5,3.5
-0.003513,-0.003583,-0.01248,-0.009261,-0.004804,3.5,3.5,3.5
-0.004078,-0.010518,-0.009802,-0.007523,-0.003571,3.4,3.5,3.5
0,-0.002932,-0.010963,-0.009734,-0.01223,3.3,3.6,3.6
0.000583,-0.005313,-0.007336,-0.013561,-0.008946,3.3,3.6,3.6
-0.002875,-0.003583,-0.003513,-0.009261,-0.01248,3.4,3.6,3.6
-0.002857,-0.004078,-0.009802,-0.003571,-0.010518,3.5,3.6,3.6
-0.005159,0,-0.009734,-0.01223,-0.002932,3.5,3.6,3.6
-0.005742,0.000583,-0.008946,-0.005313,-0.007336,3.5,3.6,3.6
-0.002829,-0.002875,-0.003513,-0.003583,-0.01248,3.5,3.6,3.6
-0.000566,-0.004078,-0.003571,-0.002857,-0.010518,3.5,3.6,3.6
-0.003357,-0.005159,-0.01223,0,-0.002932,3.6,3.6,3.6
-0.006106,0.000583,-0.005313,-0.005742,-0.007336,3.6,3.5,3.5
-0.006067,-0.002829,-0.002875,-0.003513,-0.003583,3.6,4.1,4.1
-0.007193,-0.004078,-0.002857,-0.003571,-0.000566,3.6,4.1,4.1
-0.008117,-0.005159,-0.003357,0,-0.002932,4.1,4.1,4.1
-0.007991,-0.006106,-0.005313,-0.005742,0.000583,4.1,3.7,3.7
-0.006903,-0.006067,-0.002829,-0.002875,-0.003513,4.1,3.5,3.5
-0.006382,-0.007193,-0.002857,-0.000566,-0.004078,4.1,3.5,3.5
-0.001578,-0.005159,-0.003357,-0.008117,0,4.1,3.5,3.5
0.002622,-0.006106,-0.005742,-0.007991,0.000583,4.1,3.5,3.5
0.001568,-0.006067,-0.002829,-0.002875,-0.006903,4.1,3.5,3.5
0.00263,-0.006382,-0.002857,-0.007193,-0.000566,3.7,3.3,3.3
0.002638,-0.005159,-0.008117,-0.003357,-0.001578,3.7,3.3,3.3
0.00106,0.002622,-0.005742,-0.007991,-0.006106,3.5,3.3,3.3
0.001054,0.001568,-0.002829,-0.006067,-0.006903,3.5,3.7,3.7
-0.00263,0.00263,-0.007193,-0.000566,-0.006382,3.5,3.7,3.7
-0.00472,-0.001578,-0.008117,-0.003357,0.002638,3.7,3.7,3.7
-0.003682,0.002622,-0.007991,0.00106,-0.006106,3.7,3.4,3.4
-0.004176,0.001568,-0.006903,0.001054,-0.006067,3.7,3.4,3.4
-0.003103,-0.00263,-0.007193,0.00263,-0.006382,3.4,3.4,3.4
-0.000516,-0.00472,-0.008117,0.002638,-0.001578,3.4,3.4,3.4
-0.003603,0.00106,-0.007991,-0.003682,0.002622,3.4,3.5,3.5
-0.00154,0.001568,-0.006903,-0.004176,0.001054,3.4,3.5,3.5
0.001028,-0.00263,-0.003103,0.00263,-0.006382,3.4,3.6,3.6
-0.001028,-0.000516,-0.00472,0.002638,-0.001578,3.5,3.6,3.6
-0.000508,-0.003603,0.00106,-0.003682,0.002622,3.5,3.6,3.6
-0.00051,-0.00154,0.001568,-0.004176,0.001054,3.5,3.6,3.6
-0.004074,-0.00263,-0.003103,0.001028,0.00263,3.6,3.6,3.6
-0.002542,-0.000516,0.002638,-0.00472,-0.001028,3.6,3.4,3.4
-0.002018,-0.000508,0.00106,-0.003603,-0.003682,3.6,3.4,3.4
-0.002527,-0.00051,-0.00154,-0.004176,0.001054,3.6,3.2,3.2
-0.001502,-0.004074,-0.003103,0.001028,-0.00263,3.6,3.6,3.6
-0.001006,-0.000516,-0.00472,-0.002542,-0.001028,3.6,3.2,3.2
0,-0.002018,-0.003603,-0.000508,-0.003682,3.6,3.2,3.2
-0.001994,-0.00051,-0.004176,-0.00154,-0.002527,3.5,3.8,3.8
0.001,-0.004074,0.001028,-0.003103,-0.001502,3.5,3.8,3.8
-0.002982,-0.001006,-0.000516,-0.002542,-0.001028,3.8,3.8,3.8
-0.001994,-0.002018,-0.000508,-0.003603,0,3.8,3.7,3.7
-0.00197,-0.00051,-0.002527,-0.00154,-0.001994,3.8,3.7,3.7
-0.003964,0.001,0.001028,-0.001502,-0.004074,3.6,3.7,3.7
-0.003893,-0.001006,-0.002542,-0.002982,-0.001028,3.7,3.7,3.7
-0.007741,-0.001994,-0.002018,0,-0.000508,3.7,3.7,3.7
-0.007182,-0.00197,-0.002527,-0.001994,-0.00051,3.7,3.6,3.6
-0.008115,-0.003964,-0.001502,0.001,-0.004074,3.7,3.6,3.6
-0.003802,-0.001006,-0.002982,-0.002542,-0.003893,3.6,3.6,3.6
-0.003273,-0.001994,0,-0.002018,-0.007741,3.6,3.6,3.6
-0.002785,-0.007182,-0.002527,-0.00197,-0.001994,3.6,3.5,3.5
-0.003225,-0.008115,-0.001502,-0.003964,0.001,3.7,3.7,3.7
-0.006442,-0.003802,-0.002982,-0.001006,-0.003893,3.7,3.5,3.5
-0.002753,-0.001994,-0.007741,0,-0.003273,3.7,3.5,3.5
-0.002284,-0.002785,-0.00197,-0.001994,-0.007182,3.5,3.5,3.5
-0.000455,-0.008115,0.001,-0.003964,-0.003225,3.5,3.6,3.6
0,-0.006442,-0.002982,-0.003802,-0.003893,3.5,3.6,3.6
0.00183,-0.002753,-0.007741,-0.003273,-0.001994,3.5,3.6,3.6
0.003207,-0.002284,-0.002785,-0.00197,-0.007182,3.5,3.6,3.6
0.00137,-0.008115,-0.003225,-0.003964,-0.000455,3.6,3.6,3.6
0.002271,-0.006442,-0.003893,-0.003802,0,3.6,3.4,3.4
-0.003638,0.00183,-0.007741,-0.003273,-0.002753,3.8,3.8,3.8
-0.006793,0.003207,-0.002785,-0.002284,-0.007182,3.8,3.7,3.7
-0.005853,-0.008115,-0.003225,0.00137,-0.000455,3.8,3.6,3.6
-0.007153,-0.006442,0,-0.003802,0.002271,3.6,3.8,3.8
-0.005737,-0.003638,0.00183,-0.003273,-0.002753,3.6,3.8,3.8
-0.005656,0.003207,-0.002785,-0.002284,-0.006793,3.8,3.8,3.8
-0.004357,0.00137,-0.003225,-0.005853,-0.000455,3.8,3.5,3.5
-0.003028,-0.007153,0,0.002271,-0.006442,3.5,3.6,3.6
-0.001294,-0.005737,0.00183,-0.002753,-0.003638,3.6,3.6,3.6
0.000428,-0.006793,0.003207,-0.002284,-0.005656,3.6,3.4,3.4
-0.000429,-0.004357,-0.005853,-0.000455,0.00137,3.6,3.4,3.4
0,-0.003028,0,-0.007153,0.002271,3.6,3.4,3.4
-0.001283,-0.005737,0.00183,-0.001294,-0.003638,3.4,3.6,3.6
-0.00128,0.000428,0.003207,-0.006793,-0.005656,3.5,3.6,3.6
-0.00128,-0.004357,-0.005853,-0.000429,0.00137,3.5,3.6,3.6
-0.002127,0,-0.007153,0.002271,-0.003028,3.6,3.6,3.6
0,-0.001283,-0.005737,-0.001294,-0.003638,3.6,3.6,3.6
-0.000424,0.000428,-0.006793,-0.005656,-0.00128,3.6,3.6,3.6
-0.001269,-0.004357,-0.005853,-0.000429,-0.00128,3.6,3.6,3.6
-0.000422,0,-0.007153,-0.002127,-0.003028,3.6,3.6,3.6
-0.002115,-0.001283,-0.005737,-0.001294,0,3.6,3.6,3.6
-0.002103,-0.000424,-0.005656,-0.00128,0.000428,3.6,3.6,3.6
-0.002506,-0.001269,-0.000429,-0.00128,-0.004357,3.6,3.5,3.5
-0.001676,-0.000422,-0.003028,-0.002127,0,3.6,3.5,3.5
-0.002499,-0.002115,-0.001294,0,-0.001283,3.6,3.5,3.5
-0.002486,-0.000424,-0.00128,-0.002103,0.000428,3.5,3.7,3.7
0,-0.002506,-0.001269,-0.000429,-0.00128,3.4,3.7,3.7
-0.002068,-0.000422,-0.001676,0,-0.002127,3.4,3.7,3.7
-0.000413,-0.002499,-0.002115,0,-0.001283,3.7,3.7,3.7
-0.000819,-0.002486,-0.00128,-0.002103,-0.000424,3.5,3.5,3.5
-0.000826,-0.002506,-0.001269,0,-0.00128,3.5,3.4,3.4
0,-0.000422,-0.001676,-0.002068,-0.002127,3.5,3.4,3.4
0.001657,-0.002499,0,-0.002115,-0.000413,3.5,3.4,3.4
0.004563,-0.002486,-0.000819,-0.002103,-0.000424,3.5,3.4,3.4
0.003333,-0.000826,-0.001269,-0.002506,0,3.4,3.4,3.4
0.005013,0,-0.000422,-0.001676,-0.002068,3.4,3.6,3.6
0.002944,-0.000413,-0.002115,0.001657,-0.002499,3.3,3.6,3.6
0.001269,0.004563,-0.002486,-0.000819,-0.002103,3.6,3.6,3.6
0.002549,-0.000826,0,-0.002506,0.003333,3.6,3.5,3.5
0.003872,0.005013,-0.001676,-0.002068,0,3.2,3.5,3.5
0.003872,-0.000413,0.002944,0.001657,-0.002499,3.5,3.5,3.5
0.004745,0.001269,0.004563,-0.000819,-0.002486,3.5,3.5,3.5
0.004786,-0.000826,0,0.003333,0.002549,3.5,3.5,3.5
0.001753,0.005013,-0.002068,0.003872,0,3.5,3.5,3.5
0.002194,-0.000413,0.002944,0.003872,0.001657,3.5,3.4,3.4
0.002206,0.001269,0.004563,-0.000819,0.004745,3.5,3.4,3.4
0.001331,0.004786,0.003333,0.002549,-0.000826,3.5,3.4,3.4
0.003116,0.005013,0.003872,0.001753,0,3.5,3.3,3.3
0.003576,0.002194,0.002944,0.003872,0.001657,3.5,3.3,3.3
0.004967,0.002206,0.004563,0.001269,0.004745,3.5,3.3,3.3
0.005904,0.004786,0.003333,0.001331,0.002549,3.4,3.4,3.4
0.005956,0.003116,0.003872,0.001753,0.005013,3.4,3.4,3.4
0.00599,0.002194,0.002944,0.003872,0.003576,3.4,3.4,3.4
0.004183,0.004967,0.001269,0.002206,0.004745,3.4,3.4,3.4
0.005174,0.004786,0.005904,0.002549,0.001331,3.4,3.3,3.3
0.003779,0.003116,0.003872,0.001753,0.005956,3.3,3.3,3.3
0.004283,0.002194,0.003576,0.003872,0.00599,3.3,3.2,3.2
0.00478,0.004183,0.004967,0.002206,0.004745,3.4,3.4,3.4
0.002408,0.005174,0.004786,0.005904,0.001331,3.4,3.4,3.4
0.002408,0.003779,0.001753,0.005956,0.003116,3.4,3.4,3.4
0.000967,0.004283,0.003576,0.00599,0.002194,3.4,3.3,3.3
0.000486,0.00478,0.004967,0.004183,0.002206,3.4,3.5,3.5
0.001952,0.002408,0.005174,0.005904,0.001331,3.3,3.5,3.5
0.000486,0.002408,0.003779,0.005956,0.003116,3.5,3.5,3.5
0.002937,0.000967,0.004283,0.003576,0.00599,3.5,3.4,3.4
0.002452,0.00478,0.004967,0.004183,0.000486,3.5,3.4,3.4
0.001976,0.001952,0.005174,0.005904,0.002408,3.5,3.4,3.4
0.00394,0.002408,0.003779,0.000486,0.005956,3.5,3.4,3.4
0.002991,0.000967,0.004283,0.002937,0.00599,3.4,3.4,3.4
0.002991,0.002452,0.004183,0.000486,0.00478,3.4,3.4,3.4
0.003009,0.001976,0.001952,0.005174,0.002408,3.4,3.4,3.4
0.003018,0.002408,0.000486,0.00394,0.003779,3.4,3.4,3.4
0.001009,0.002991,0.004283,0.000967,0.002937,3.5,3.5,3.5
0.002025,0.002452,0.000486,0.002991,0.00478,3.5,3.7,3.7
0.002037,0.003009,0.001952,0.001976,0.002408,3.5,3.7,3.7
0,0.002408,0.00394,0.000486,0.003018,3.5,3.7,3.7
0.001015,0.001009,0.000967,0.002991,0.002937,3.5,3.7,3.7
0,0.002025,0.002452,0.000486,0.002991,3.7,3.7,3.7
-0.002037,0.003009,0.001952,0.001976,0.002037,3.7,3.7,3.7
0,0,0.00394,0.000486,0.003018,3.7,3.7,3.7
-0.002025,0.001015,0.002991,0.002937,0.001009,3.7,3.7,3.7
-0.003028,0.002025,0.002452,0.002991,0,3.7,3.5,3.5
-0.002012,0.002037,0.003009,0.001976,-0.002037,3.7,3.5,3.5
-0.003018,0,0.00394,0,0.003018,3.7,3.5,3.5
-0.002496,-0.002025,0.001015,0.002991,0.001009,3.7,3.5,3.5
-0.002481,-0.003028,0.002025,0.002991,0,3.7,3.5,3.5
-0.000499,-0.002012,0.002037,-0.002037,0.003009,3.5,3.5,3.5
-0.001489,0,0,-0.003018,0.003018,3.5,3.6,3.6
-0.00148,-0.002496,0.001015,-0.002025,0.001009,3.5,3.6,3.6
0,-0.002481,0.002025,-0.003028,0,3.5,3.6,3.6
-0.004426,-0.000499,0.002037,-0.002037,-0.002012,3.6,3.6,3.6
-0.002937,-0.001489,0,-0.003018,0,3.6,3.5,3.5
-0.001952,-0.00148,0.001015,-0.002496,-0.002025,3.6,3.5,3.5
-0.001958,0,-0.002481,-0.003028,0,3.5,3.4,3.4
0.000486,-0.004426,-0.000499,-0.002037,-0.002012,3.5,3.4,3.4
0.000973,-0.001489,0,-0.003018,-0.002937,3.5,3.9,3.9
0.000486,-0.00148,-0.002496,-0.001952,-0.002025,3.5,3.9,3.9
-0.001935,-0.001958,-0.002481,-0.003028,0,3.6,3.9,3.9
-0.003371,0.000486,-0.004426,-0.002012,-0.000499,3.6,3.9,3.9
-0.006224,-0.001489,-0.003018,0.000973,-0.002937,3.9,3.9,3.9
-0.005737,0.000486,-0.00148,-0.002496,-0.001952,3.9,3.6,3.6
-0.004738,-0.001958,-0.002481,-0.001935,0,3.9,3.6,3.6
-0.003302,0.000486,-0.004426,-0.003371,-0.000499,3.9,3.4,3.4
-0.000936,-0.001489,-0.006224,0.000973,-0.002937,3.9,3.3,3.3
-0.005083,-0.005737,-0.00148,0.000486,-0.001952,4.2,4.2,4.2
-0.005505,-0.004738,-0.001935,0,-0.001958,4.2,3.8,3.8
-0.006852,0.000486,-0.004426,-0.003371,-0.003302,4.2,3.8,3.8
-0.007744,-0.006224,-0.000936,0.000973,-0.002937,4.2,3.8,3.8
-0.005364,-0.005083,0.000486,-0.005737,-0.001952,4.2,3.8,3.8
-0.004444,-0.004738,-0.005505,-0.001935,-0.001958,3.8,3.4,3.4
-0.002659,0.000486,-0.003371,-0.006852,-0.003302,3.8,3.4,3.4
-0.002644,-0.000936,-0.006224,-0.007744,0.000973,3.8,3.4,3.4
0.00044,-0.005364,0.000486,-0.005083,-0.005737,3.4,3.6,3.6
0,-0.004444,-0.004738,-0.005505,-0.001935,3.3,3.6,3.6
-0.002181,-0.006852,-0.003371,-0.002659,-0.003302,3.6,3.6,3.6
-0.001738,-0.000936,-0.006224,-0.002644,-0.007744,3.6,3.6,3.6
-0.003916,-0.005364,-0.005083,0.00044,-0.005737,3.6,3.6,3.6
-0.00432,-0.004444,-0.005505,0,-0.004738,3.6,3.6,3.6
-0.003427,-0.002181,-0.006852,-0.002659,-0.003302,3.6,3.6,3.6
-0.003417,-0.000936,-0.002644,-0.001738,-0.007744,3.6,3.5,3.5
-0.002556,-0.003916,-0.005364,-0.005083,0.00044,3.6,3.5,3.5
-0.000425,-0.00432,-0.005505,-0.004444,0,3.6,3.5,3.5
-0.000423,-0.002181,-0.002659,-0.006852,-0.003427,3.5,3.5,3.5
-0.000422,-0.002644,-0.003417,-0.001738,-0.007744,3.5,3.8,3.8
0.001273,-0.003916,-0.005364,0.00044,-0.002556,3.5,3.8,3.8
-0.000847,-0.000425,-0.004444,-0.00432,0,3.6,3.8,3.8
0.000847,-0.000423,-0.002659,-0.003427,-0.002181,3.6,3.8,3.8
0.000845,-0.001738,-0.002644,-0.000422,-0.003417,3.8,3.8,3.8
-0.002953,-0.003916,0.00044,-0.002556,0.001273,3.8,3.7,3.7
0,-0.000847,-0.00432,0,-0.000425,3.8,3.7,3.7
-0.00169,-0.000423,-0.003427,0.000847,-0.002181,3.7,3.7,3.7
-0.002936,0.000845,-0.001738,-0.000422,-0.003417,3.7,3.7,3.7
0.000838,-0.003916,0.001273,-0.002556,-0.002953,3.7,3.5,3.5
-0.000842,0,-0.00432,-0.000847,-0.000425,3.7,3.6,3.6
0.000421,-0.000423,0.000847,-0.003427,-0.00169,3.7,3.6,3.6
0.000833,-0.002936,0.000845,-0.003417,-0.000422,3.7,3.6,3.6
-0.000838,0.001273,-0.002556,0.000838,-0.002953,3.7,3.6,3.6
-0.000838,0,-0.000847,-0.000842,-0.000425,3.5,3.6,3.6
-0.00084,-0.000423,0.000847,0.000421,-0.00169,3.5,3.6,3.6
0.000418,-0.002936,0.000833,0.000845,-0.000422,3.6,3.6,3.6
0.000418,0.001273,0.000838,-0.000838,-0.002953,3.6,3.5,3.5
0.000418,-0.000838,-0.000847,-0.000842,0,3.5,3.7,3.7
0.00084,0.000847,-0.00084,-0.00169,0.000421,3.5,3.7,3.7
0.000419,0.000418,-0.002936,0.000833,0.000845,3.5,3.7,3.7
-0.001251,0.000838,0.000418,-0.002953,-0.000838,3.7,3.7,3.7
-0.002493,0.000418,-0.000838,-0.000842,0,3.7,3.8,3.8
-0.001676,0.00084,-0.00084,-0.00169,0.000421,3.7,3.8,3.8
0.000421,0.000419,0.000418,-0.002936,0.000833,3.7,3.8,3.8
0.005069,-0.001251,0.000838,0.000418,-0.000838,3.7,3.8,3.8
0.00631,0.000418,-0.000842,-0.000838,-0.002493,3.7,3.8,3.8
0.007252,0.00084,0.000421,-0.001676,-0.00084,3.7,3.8,3.8
0.003839,0.000419,0.000418,0.000421,0.000833,3.8,3.8,3.8
0.001294,0.005069,-0.001251,0.000418,-0.000838,3.8,3.7,3.7
0.004799,-0.002493,0.000418,0.00631,-0.000838,3.8,3.7,3.7
0.0022,0.007252,-0.001676,0.00084,-0.00084,3.8,3.7,3.7
0.005273,0.003839,0.000419,0.000418,0.000421,3.8,3.7,3.7
0.005737,0.005069,-0.001251,0.001294,0.000418,3.8,3.7,3.7
0.004496,-0.002493,0.000418,0.004799,0.00631,3.8,3.7,3.7
0.003133,0.0022,-0.001676,0.00084,0.007252,3.8,3.7,3.7
0,0.003839,0.000419,0.005273,0.000421,3.7,3.7,3.7
-0.001343,0.005737,0.005069,-0.001251,0.001294,3.7,3.7,3.7
-0.00582,0.004496,-0.002493,0.004799,0.00631,3.7,3.8,3.8
-0.004457,0.003133,0.0022,-0.001676,0.007252,3.7,3.8,3.8
-0.002659,0,0.003839,0.005273,0.000421,3.7,3.8,3.8
-0.002213,-0.001343,0.001294,0.005069,0.005737,3.7,3.8,3.8
0.000881,-0.00582,0.004496,0.00631,0.004799,3.7,3.8,3.8
0.00044,-0.004457,0.003133,0.0022,0.007252,3.7,3.8,3.8
0.000881,0,0.005273,0.003839,-0.002659,3.7,3.8,3.8
-0.000439,-0.002213,0.001294,0.005737,-0.001343,3.8,3.8,3.8
-0.000441,-0.00582,0.000881,0.004496,0.004799,3.8,3.2,3.2
0.000884,-0.004457,0.003133,0.0022,0.00044,3.8,3.1,3.1
0.003576,0,0.005273,-0.002659,0.000881,3.8,2.8,2.8
0.003098,-0.000439,0.005737,-0.002213,-0.001343,3.7,3.7,3.7
0.001328,-0.000441,0.004496,0.000881,-0.00582,3.7,3.4,3.4
0.001335,-0.004457,0.003133,0.00044,0.000884,3.7,3.4,3.4
-0.000902,0.000881,-0.002659,0.003576,0,3.7,3.4,3.4
0.003617,-0.000439,0.003098,-0.002213,-0.001343,3.7,3.4,3.4
0.006813,-0.000441,0.001328,-0.00582,0.000881,3.7,3.4,3.4
0.005921,0.001335,0.00044,-0.004457,0.000884,3.7,3.4,3.4
0.006423,-0.000902,-0.002659,0.003576,0.000881,3.7,3.4,3.4
0.005113,0.003617,-0.000439,0.003098,-0.002213,3.7,3.4,3.4
0.002338,-0.000441,0.001328,0.006813,0.000881,3.7,3.4,3.4
0.002809,0.005921,0.00044,0.001335,0.000884,3.4,3.4,3.4
0.001884,0.006423,0.000881,0.003576,-0.000902,3.4,3.3,3.3
0.001423,0.005113,-0.000439,0.003617,0.003098,3.4,3.7,3.7
0.002851,0.002338,-0.000441,0.001328,0.006813,3.3,3.7,3.7
0.002379,0.005921,0.001335,0.002809,0.000884,3.3,3.7,3.7
0.002868,0.006423,0.003576,0.001884,-0.000902,3.3,3.7,3.7
0.001436,0.005113,0.003098,0.003617,0.001423,3.7,3.7,3.7
-0.000956,0.002338,0.001328,0.006813,0.002851,3.7,3.5,3.5
0.00048,0.005921,0.002809,0.001335,0.002379,3.7,3.5,3.5
-0.002394,0.006423,0.002868,0.001884,-0.000902,3.7,3.5,3.5
-0.001912,0.005113,0.003617,0.001436,0.001423,3.7,3.5,3.5
0.001436,0.002338,0.006813,-0.000956,0.002851,3.7,3.5,3.5
0.002422,0.00048,0.002809,0.005921,0.002379,3.7,3.5,3.5
0.002877,0.006423,0.002868,-0.002394,0.001884,3.5,3.7,3.7
0.000476,-0.001912,0.001436,0.001423,0.005113,3.7,3.8,3.8
-0.003331,0.001436,-0.000956,0.002851,0.002338,3.7,3.8,3.8
-0.006224,0.00048,0.002379,0.002809,0.002422,3.7,3.8,3.8
-0.007097,-0.002394,0.002877,0.001884,0.002868,3.7,3.8,3.8
-0.004696,0.000476,0.001436,-0.001912,0.001423,3.8,3.8,3.8
-0.002801,-0.003331,0.002851,-0.000956,0.001436,3.8,3.6,3.6
-0.001403,0.00048,0.002379,0.002422,-0.006224,3.8,3.6,3.6
0.002331,-0.002394,0.002877,-0.007097,0.002868,3.8,3.6,3.6
0.003273,0.000476,0.001436,-0.004696,-0.001912,3.8,3.6,3.6
0.001862,-0.003331,-0.000956,-0.002801,0.001436,3.8,3.6,3.6
0.000466,0.00048,-0.006224,-0.001403,0.002422,3.6,3.6,3.6
-0.000469,-0.007097,-0.002394,0.002877,0.002331,3.6,3.7,3.7
0,0.000476,-0.004696,0.003273,-0.001912,3.6,3.7,3.7
0.002358,0.001862,-0.003331,-0.002801,0.001436,3.6,3.7,3.7
0.004738,0.000466,-0.006224,-0.001403,0.002422,3.6,3.7,3.7
0.002358,-0.007097,0.002877,0.002331,-0.000469,3.7,3.7,3.7
0.00286,0,-0.004696,0.003273,0.000476,3.7,3.7,3.7
0.003361,0.001862,-0.002801,-0.003331,0.002358,3.7,3.7,3.7
0.002422,0.000466,-0.006224,0.004738,-0.001403,3.7,3.7,3.7
0.005313,-0.007097,-0.000469,0.002331,0.002358,3.5,3.7,3.7
0.005377,0,-0.004696,0.003273,0.00286,3.5,3.7,3.7
0.005928,0.003361,0.001862,0.002358,-0.002801,3.5,3.7,3.7
0.003453,0.002422,0.004738,-0.001403,0.000466,3.5,3.7,3.7
0.000492,0.005313,-0.000469,0.002331,0.002358,3.5,3.7,3.7
-0.004413,0.005377,0.003273,0.00286,0,3.5,3.7,3.7
-0.006413,0.003361,0.001862,0.005928,0.002358,3.7,3.7,3.7
-0.005394,0.002422,0.003453,0.004738,0.000466,3.7,3.5,3.5
-0.003412,0.000492,-0.000469,0.002358,0.005313,3.7,3.5,3.5
-0.000483,-0.004413,0.005377,0.00286,0,3.7,3.5,3.5
-0.000965,-0.006413,0.003361,0.005928,0.002358,3.7,3.5,3.5
-0.001918,0.002422,0.003453,-0.005394,0.004738,3.5,3.5,3.5
-0.00144,-0.003412,0.002358,0.000492,0.005313,3.5,3.2,3.2
-0.001918,-0.000483,-0.004413,0.005377,0.00286,3.4,3.5,3.5
-0.001912,-0.006413,0.003361,-0.000965,0.005928,3.5,3.5,3.5
-0.000476,0.002422,0.003453,-0.001918,-0.005394,3.5,3.5,3.5
-0.001428,-0.003412,-0.00144,0.000492,0.005313,3.5,3.5,3.5
-0.001423,-0.000483,-0.004413,0.005377,-0.001918,3.3,3.3,3.3
0.000476,-0.001912,0.005928,-0.000965,-0.006413,3.3,3.3,3.3
0.000476,-0.000476,0.003453,-0.001918,-0.005394,3.3,3.5,3.5
0.001906,-0.001428,-0.003412,-0.00144,0.000492,3.3,3.5,3.5
0.001423,-0.001423,-0.004413,-0.000483,-0.001918,3.3,3.5,3.5
0.002401,0.000476,-0.006413,-0.001912,-0.000965,3.3,3.5,3.5
0.002401,0.000476,-0.001918,-0.000476,-0.005394,3.5,3.5,3.5
0.000962,-0.001428,-0.003412,0.001906,-0.00144,3.5,3.4,3.4
0.002401,-0.001423,-0.000483,-0.001918,0.001423,3.5,3.4,3.4
0.000484,0.002401,-0.001912,0.000476,-0.000965,3.5,3.3,3.3
0.00097,0.002401,-0.001918,0.000476,-0.000476,3.5,3.3,3.3
0.001453,0.000962,-0.001428,0.001906,-0.00144,3.5,3.3,3.3
0.002929,0.002401,-0.001918,0.001423,-0.001423,3.5,3.3,3.3
0.004426,0.002401,-0.001912,0.000484,0.000476,3.5,3.3,3.3
0.006959,0.002401,0.00097,0.000476,-0.000476,3.5,3.4,3.4
0.008489,0.001453,-0.001428,0.001906,0.000962,3.4,3.6,3.6
0.007558,0.002401,0.002929,0.001423,-0.001423,3.3,3.6,3.6
0.008174,0.004426,0.000484,0.002401,0.000476,3.3,3.6,3.6
0.005156,0.002401,0.00097,0.006959,0.000476,3.3,3.6,3.6
0.003626,0.001453,0.001906,0.008489,0.000962,3.3,3.6,3.6
0.001554,0.002401,0.002929,0.007558,0.001423,3.4,3.6,3.6
-0.003112,0.008174,0.004426,0.000484,0.002401,3.6,3.6,3.6
-0.003112,0.002401,0.00097,0.005156,0.006959,3.6,3.6,3.6
-0.003112,0.003626,0.001453,0.008489,0.000962,3.6,3.6,3.6
-0.001554,0.002401,0.002929,0.001554,0.007558,3.6,3.6,3.6
-0.000513,-0.003112,0.004426,0.000484,0.008174,3.6,3.6,3.6
-0.001025,-0.003112,0.00097,0.005156,0.006959,3.6,3.6,3.6
-0.002043,0.003626,0.001453,0.008489,-0.003112,3.6,3.6,3.6
0,0.001554,0.002929,-0.001554,0.007558,3.6,3.6,3.6
0,-0.003112,0.004426,-0.000513,0.008174,3.6,3.6,3.6
-0.001525,-0.001025,-0.003112,0.005156,0.006959,3.6,3.6,3.6
-0.003516,0.003626,0.008489,-0.002043,-0.003112,3.7,3.8,3.8
-0.007065,0.001554,0,0.007558,-0.001554,3.7,3.8,3.8
-0.009459,0,-0.003112,-0.000513,0.008174,3.8,3.8,3.8
-0.007905,-0.001525,-0.003112,0.005156,-0.001025,3.8,3.8,3.8
-0.006336,0.003626,-0.002043,-0.003516,-0.003112,3.8,3.8,3.8
-0.005345,-0.007065,0.001554,0,-0.001554,3.8,3.5,3.5
-0.001923,0,-0.003112,-0.000513,-0.009459,3.8,3.4,3.4
0.000483,-0.007905,-0.003112,-0.001525,-0.001025,3.8,3.4,3.4
0.001923,-0.003516,-0.002043,-0.006336,-0.003112,3.8,3.7,3.7
0.001923,-0.005345,0,-0.007065,-0.001554,3.8,3.7,3.7
0.00144,0,-0.009459,-0.001923,-0.000513,3.5,3.7,3.7
0,0.000483,-0.001525,-0.007905,-0.001025,3.4,3.7,3.7
0.000484,-0.003516,-0.002043,0.001923,-0.006336,3.4,3.7,3.7
-0.000965,-0.005345,0,0.001923,-0.007065,3.5,3.7,3.7
-0.001918,0,-0.001923,-0.009459,0.00144,3.7,3.7,3.7
-0.001445,0,-0.001525,0.000483,-0.007905,3.7,3.4,3.4
-0.002885,0.000484,-0.003516,0.001923,-0.006336,3.7,3.4,3.4
-0.000959,-0.005345,-0.000965,-0.007065,0.001923,3.7,3.5,3.5
-0.000476,-0.001923,-0.009459,-0.001918,0.00144,3.5,3.5,3.5
-0.002379,-0.001445,-0.007905,0.000483,0,3.5,3.3,3.3
-0.00095,0.000484,-0.002885,-0.006336,0.001923,3.5,3.3,3.3
-0.002372,-0.000959,-0.005345,-0.000965,0.001923,3.5,3.3,3.3
-0.002826,-0.001918,-0.001923,-0.000476,0.00144,3.6,3.6,3.6
-0.004196,-0.001445,0.000483,-0.002379,0,3.7,3.7,3.7
-0.004669,-0.00095,0.000484,-0.002885,0.001923,3.5,3.5,3.5
-0.004642,-0.000959,-0.002372,-0.000965,0.001923,3.5,3.6,3.6
-0.002777,-0.001918,-0.000476,-0.002826,0.00144,3.5,3.6,3.6
-0.000918,-0.001445,-0.004196,-0.002379,0,3.5,3.6,3.6
-0.00183,-0.00095,0.000484,-0.002885,-0.004669,3.5,3.6,3.6
-0.002721,-0.000959,-0.004642,-0.000965,-0.002372,3.6,3.6,3.6
-0.005411,-0.002777,-0.000476,-0.001918,-0.002826,3.6,3.6,3.6
-0.005836,-0.000918,-0.001445,-0.004196,-0.002379,3.6,3.5,3.5
-0.007112,-0.00095,-0.004669,-0.002885,-0.00183,3.6,3.8,3.8
-0.00617,-0.004642,-0.000959,-0.002721,-0.002372,3.5,3.8,3.8
-0.006083,-0.002777,-0.000476,-0.005411,-0.002826,3.8,3.8,3.8
-0.006893,-0.005836,-0.000918,-0.004196,-0.002379,3.8,3.7,3.7
-0.005964,-0.007112,-0.004669,-0.00183,-0.00095,3.8,3.6,3.6
-0.005931,-0.002721,-0.00617,-0.002372,-0.004642,3.8,3.6,3.6
-0.004614,-0.005411,-0.006083,-0.002826,-0.002777,3.8,3.6,3.6
-0.001676,-0.006893,-0.000918,-0.005836,-0.004196,3.8,3.6,3.6
0.001258,-0.005964,-0.004669,-0.00183,-0.007112,3.6,3.6,3.6
0.001251,-0.002721,-0.00617,-0.005931,-0.004642,3.6,3.6,3.6
0.00292,-0.006083,-0.004614,-0.005411,-0.002777,3.6,3.4,3.4
0.00252,-0.001676,-0.000918,-0.005836,-0.006893,3.6,3.4,3.4
0.000845,0.001258,-0.007112,-0.00183,-0.005964,3.4,3.4,3.4
0.002109,0.001251,-0.00617,-0.005931,-0.002721,3.4,3.4,3.4
0.000422,-0.006083,-0.004614,0.00292,-0.005411,3.4,3.6,3.6
-0.001265,-0.001676,-0.005836,-0.006893,0.00252,3.6,3.6,3.6
-0.000845,0.000845,-0.007112,-0.005964,0.001258,3.6,3.5,3.5
0.00128,0.002109,-0.00617,0.001251,-0.005931,3.6,3.6,3.6
0.003417,-0.006083,-0.004614,0.00292,0.000422,3.5,3.6,3.6
0.005561,-0.001676,0.00252,-0.006893,-0.001265,3.5,3.6,3.6
0.005577,0.000845,-0.005964,-0.000845,0.001258,3.5,3.6,3.6
0.003904,0.00128,-0.005931,0.002109,0.001251,3.6,3.6,3.6
0.002175,-0.004614,0.000422,0.003417,0.00292,3.6,3.7,3.7
-0.000435,-0.001265,0.00252,0.005561,-0.001676,3.7,3.7,3.7
-0.002599,0.000845,0.005577,-0.000845,0.001258,3.7,3.8,3.8
-0.005184,0.003904,0.002109,0.00128,0.001251,3.8,3.8,3.8
-0.00517,0.002175,0.000422,0.003417,0.00292,3.8,3.8,3.8
-0.005546,-0.000435,0.00252,0.005561,-0.001265,3.8,3.8,3.8
-0.004653,-0.002599,0.000845,0.005577,-0.000845,3.8,3.4,3.4
-0.002944,-0.005184,0.003904,0.002109,0.00128,3.4,3.9,3.9
-0.004177,-0.00517,0.000422,0.002175,0.003417,3.9,3.9,3.9
-0.00208,-0.000435,-0.001265,-0.005546,0.005561,3.9,3.7,3.7
-0.002068,-0.004653,-0.002599,0.005577,-0.000845,3.9,3.7,3.7
-0.003296,-0.005184,0.003904,-0.002944,0.00128,3.7,3.7,3.7
-0.002856,-0.004177,-0.00517,0.002175,0.003417,3.7,3.7,3.7
-0.004075,-0.00208,-0.005546,0.005561,-0.000435,3.7,3.7,3.7
-0.004053,-0.002068,-0.002599,0.005577,-0.004653,3.7,3.5,3.5
-0.003623,-0.005184,0.003904,-0.003296,-0.002944,3.7,3.7,3.7
-0.003198,-0.004177,-0.00517,0.002175,-0.002856,3.5,3.7,3.7
-0.002787,-0.004075,-0.00208,-0.005546,-0.000435,3.7,3.7,3.7
-0.001194,-0.002068,-0.002599,-0.004053,-0.004653,3.7,3.6,3.6
-0.000397,-0.003623,-0.005184,-0.003296,-0.002944,3.5,3.6,3.6
0,-0.003198,-0.004177,-0.00517,-0.002856,3.6,3.6,3.6
0.003593,-0.002787,-0.004075,-0.00208,-0.005546,2.5,3.6,3.6
0.001996,-0.001194,-0.004653,-0.004053,-0.002068,3.5,3.6,3.6
0.001996,-0.000397,-0.003623,-0.003296,-0.002944,3.5,3.6,3.6
0.002392,0,-0.003198,-0.004177,-0.002856,3.6,3.6,3.6
-0.000806,0.003593,-0.004075,-0.002787,-0.00208,3.6,3.8,3.8
0.000806,0.001996,-0.001194,-0.004053,-0.002068,3.6,3.8,3.8
0.000403,-0.000397,-0.003623,-0.003296,0.001996,3.6,3.8,3.8
-0.001599,0.002392,-0.003198,-0.002856,0,3.8,3.8,3.8
0.000403,-0.000806,0.003593,-0.002787,-0.004075,3.8,3.7,3.7
0.001217,0.000806,-0.001194,0.001996,-0.004053,3.3,3.7,3.7
0.001621,-0.000397,-0.003623,0.001996,0.000403,3.5,3.7,3.7
0.003623,-0.001599,0.002392,-0.003198,0,3.5,3.7,3.7
0.001214,0.000403,0.003593,-0.002787,-0.000806,3.7,3.7,3.7
-0.002024,0.001217,-0.001194,0.001996,0.000806,3.7,3.7,3.7
-0.003623,0.001621,-0.000397,0.001996,0.000403,3.7,3.7,3.7
-0.003623,-0.001599,0.002392,0.003623,0,3.7,3.7,3.7
-0.003613,0.000403,0.003593,0.001214,-0.000806,3.7,3.7,3.7
-0.003574,0.001217,0.001996,-0.002024,0.000806,3.7,3.7,3.7
-0.002366,-0.003623,0.001996,0.001621,0.000403,3.7,3.5,3.5
-0.002757,-0.001599,0.002392,-0.003623,0.003623,3.7,3.6,3.6
-0.00236,0.000403,0.001214,-0.003613,-0.000806,3.5,3.7,3.7
-0.000782,-0.003574,0.000806,-0.002024,0.001217,3.6,3.7,3.7
-0.000391,-0.002366,-0.003623,0.001621,0.000403,3.6,3.7,3.7
-0.002322,-0.001599,0.003623,-0.002757,-0.003623,3.7,3.7,3.7
-0.002322,-0.00236,0.001214,-0.003613,0.000403,3.7,3.7,3.7
-0.003088,-0.003574,-0.002024,-0.000782,0.001217,3.7,3.7,3.7
-0.00385,-0.000391,-0.003623,0.001621,-0.002366,3.7,3.6,3.6
-0.000766,-0.002322,0.003623,-0.002757,-0.003623,3.7,3.6,3.6
-0.000766,-0.00236,0.001214,-0.003613,-0.002322,3.7,3.6,3.6
0.001536,-0.003574,-0.002024,-0.003088,-0.000782,3.7,3.6,3.6
0.003461,-0.000391,-0.003623,-0.00385,-0.002366,3.7,3.6,3.6
0.004264,-0.000766,-0.002322,-0.002757,-0.003623,3.7,3.9,3.9
0.003871,-0.00236,-0.003613,-0.002322,-0.000766,3.6,3.9,3.9
0.003913,-0.003574,-0.003088,0.001536,-0.000782,3.6,3.9,3.9
0.001959,0.003461,-0.000391,-0.00385,-0.002366,3.6,3.9,3.9
0,0.004264,-0.002757,-0.002322,-0.000766,3.6,3.9,3.9
0.000393,0.003871,-0.00236,-0.002322,-0.000766,3.9,3.9,3.9
-0.001969,0.003913,-0.003088,0.001536,-0.000782,3.9,3.8,3.8
-0.000787,0.001959,-0.000391,-0.00385,0.003461,3.9,3.5,3.5
0.000394,0,-0.002322,-0.000766,0.004264,3.9,3.7,3.7
0.001582,0.003871,-0.000766,-0.002322,0.000393,3.9,3.7,3.7
0.002765,-0.001969,-0.003088,0.003913,0.001536,3.6,3.7,3.7
0.001182,-0.000787,-0.00385,0.003461,0.001959,3.7,3.7,3.7
-0.000394,0.000394,-0.000766,0,0.004264,3.7,3.8,3.8
-0.001582,0.001582,0.003871,0.000393,-0.000766,3.6,3.8,3.8
-0.000795,-0.001969,0.003913,0.002765,0.001536,3.6,3.8,3.8
-0.000789,-0.000787,0.001182,0.003461,0.001959,3.8,3.8,3.8
-0.000785,0.000394,-0.000394,0,0.004264,3.7,3.8,3.8
-0.000785,0.001582,0.000393,0.003871,-0.001582,3.7,3.8,3.8
-0.006968,-0.000795,0.003913,-0.001969,0.002765,3.8,3.8,3.8
-0.006161,-0.000789,0.001959,0.001182,-0.000787,3.8,3.6,3.6
-0.006128,0.000394,-0.000394,-0.000785,0,3.8,3.6,3.6
-0.005753,0.001582,0.000393,-0.001582,-0.000785,3.8,3.6,3.6
-0.000754,-0.006968,-0.001969,0.002765,-0.000795,3.6,3.6,3.6
-0.001126,-0.006161,0.001182,-0.000789,-0.000787,3.5,3.5,3.5
0.000375,0.000394,-0.000785,-0.000394,-0.006128,3.5,3.5,3.5
0.001132,-0.005753,0.001582,-0.001582,-0.000785,3.5,3.5,3.5
0.000376,-0.000754,-0.006968,0.002765,-0.000795,3.5,3.7,3.7
-0.000373,-0.006161,0.001182,-0.001126,-0.000789,3.7,3.7,3.7
-0.001867,-0.000785,-0.006128,-0.000394,0.000375,3.7,3.7,3.7
-0.002628,0.001132,-0.001582,-0.005753,-0.000785,3.3,3.5,3.5
-0.001126,-0.000754,-0.006968,0.000376,-0.000795,3.5,3.7,3.7
0.000373,-0.001126,-0.006161,-0.000373,-0.000789,3.7,3.7,3.7
0.001867,-0.001867,-0.000785,-0.006128,0.000375,3.4,3.6,3.6
0.001496,0.001132,-0.000785,-0.005753,-0.002628,3.6,3.6,3.6
0.00075,-0.001126,-0.000754,0.000376,-0.006968,3.6,3.6,3.6
0.001126,0.000373,-0.001126,-0.006161,-0.000373,3.6,3.8,3.8
-0.00075,-0.001867,0.000375,-0.006128,0.001867,3.8,3.8,3.8
0.000376,0.001496,0.001132,-0.002628,-0.005753,3.8,3.7,3.7
-0.000375,0.00075,-0.000754,-0.001126,0.000376,3.8,3.7,3.7
-0.001126,0.001126,0.000373,-0.001126,-0.000373,3.8,3.7,3.7
-0.000746,-0.00075,-0.001867,0.001867,0.000375,3.7,3.7,3.7
-0.0015,0.000376,0.001496,0.001132,-0.002628,3.7,3.7,3.7
-0.001863,0.00075,-0.000375,0.000376,-0.001126,3.7,3.7,3.7
-0.000373,-0.001126,0.000373,-0.000373,0.001126,3.7,3.6,3.6
0.001872,-0.00075,-0.001867,-0.000746,0.001867,3.7,3.6,3.6
0.000748,-0.0015,0.000376,0.001496,-0.002628,3.6,3.6,3.6
0.001863,-0.000375,0.00075,-0.001863,-0.001126,3.6,3.6,3.6
-0.000373,-0.000373,0.000373,-0.001126,0.001126,3.6,3.6,3.6
-0.002614,-0.00075,-0.000746,0.001872,0.001867,3.6,3.6,3.6
-0.002232,-0.0015,0.000376,0.001496,0.000748,3.5,3.6,3.6
-0.002232,0.001863,-0.000375,-0.001863,0.00075,3.6,3.6,3.6
-0.000742,-0.000373,-0.000373,-0.001126,0.001126,3.3,3.5,3.5
0.000371,-0.00075,-0.000746,-0.002614,0.001872,3.5,3.6,3.6
0.00037,-0.002232,0.000376,-0.0015,0.000748,3.6,3.6,3.6
0.002608,0.001863,-0.000375,-0.002232,-0.001863,3.6,3.6,3.6
0.002992,-0.000373,-0.000373,-0.000742,-0.001126,3.6,3.9,3.9
0.002621,0.000371,-0.000746,-0.002614,0.001872,3.6,3.9,3.9
0.002238,0.00037,0.000748,-0.002232,-0.0015,3.7,3.9,3.9
0,0.002608,0.001863,-0.002232,-0.001863,3.7,3.9,3.9
-0.001504,-0.000742,-0.000373,-0.000373,0.002992,3.8,3.9,3.9
-0.00225,0.000371,-0.002614,0.002621,0.001872,3.9,3.9,3.9
-0.001867,0.002238,0.000748,0.00037,-0.002232,3.7,3.8,3.8
-0.002976,0,0.001863,-0.002232,0.002608,3.8,3.8,3.8
-0.003326,-0.001504,-0.000373,0.002992,-0.000742,3.7,3.7,3.7
-0.001112,0.000371,0.002621,-0.00225,-0.002614,3.4,3.7,3.7
-0.00074,-0.001867,0.00037,-0.002232,0.002238,3.7,3.7,3.7
0.001109,-0.002976,-0.002232,0,0.002608,3.7,3.4,3.4
0.004076,-0.003326,-0.001504,0.002992,-0.000742,3.7,3.3,3.3
0.002984,-0.00225,0.000371,0.002621,-0.001112,3.5,3.5,3.5
0.004119,-0.001867,0.00037,-0.00074,0.002238,3.3,3.7,3.7
0.002621,0.001109,-0.002976,0,0.002608,3.7,3.7,3.7
0.00381,0.004076,-0.001504,0.002992,-0.003326,2.8,3.6,3.6
0.00382,-0.00225,-0.001112,0.002984,0.002621,3.4,3.6,3.6
0.001912,0.004119,-0.001867,-0.00074,0.002238,3.6,3.6,3.6
0.002286,0.002621,-0.002976,0,0.001109,3.6,3.6,3.6
-0.001917,0.00381,0.004076,-0.001504,-0.003326,3.8,3.8,3.8
-0.000772,-0.00225,-0.001112,0.00382,0.002984,3.8,3.8,3.8
-0.000385,0.001912,-0.001867,0.004119,-0.00074,3.8,3.8,3.8
-0.001907,0.002286,0.001109,-0.002976,0.002621,3.8,3.8,3.8
-0.001516,-0.001917,0.004076,0.00381,-0.003326,3.8,3.7,3.7
-0.00267,-0.000772,-0.001112,0.00382,0.002984,3.6,3.6,3.6
-0.00304,0.001912,0.004119,-0.00074,-0.000385,3.6,3.6,3.6
-0.001508,-0.001907,0.001109,0.002286,0.002621,3.7,3.7,3.7
-0.0015,-0.001516,0.004076,-0.001917,0.00381,3.6,3.8,3.8
-0.002621,-0.00267,-0.000772,0.00382,0.002984,3.8,3.8,3.8
-0.000375,-0.00304,0.004119,0.001912,-0.000385,3.8,3.6,3.6
-0.001492,-0.001508,-0.001907,0.002286,0.002621,3.6,3.8,3.8
-0.001484,-0.0015,-0.001917,-0.001516,0.00381,3.8,3.8,3.8
-0.000371,-0.00267,0.00382,-0.000772,-0.002621,3.8,3.6,3.6
-0.00112,-0.00304,-0.000385,0.001912,-0.000375,3.8,3.6,3.6
0.000372,-0.001492,-0.001907,0.002286,-0.001508,3.6,3.6,3.6
0.002608,-0.001484,-0.0015,-0.001516,-0.001917,3.6,3.4,3.4
0.002238,-0.00267,-0.000772,-0.000371,-0.002621,3.6,3.5,3.5
0.00112,-0.000375,-0.000385,-0.00304,-0.00112,3.6,3.5,3.5
0.001496,-0.001492,-0.001907,0.000372,-0.001508,3.5,3.5,3.5
0.000376,-0.001484,-0.0015,-0.001516,0.002608,3.5,3.5,3.5
0.001132,0.002238,-0.00267,-0.000371,-0.002621,3.5,3.5,3.5
0.001887,0.00112,-0.000375,-0.00304,-0.00112,3.5,3.5,3.5
0.002274,0.001496,-0.001492,0.000372,-0.001508,3.5,3.5,3.5
0.00228,-0.001484,0.002608,0.000376,-0.0015,3.5,3.5,3.5
0.001141,0.001132,-0.002621,-0.000371,0.002238,3.4,3.4,3.4
0.001144,0.00112,-0.000375,-0.00112,0.001887,3.4,3.4,3.4
0.00115,0.002274,0.001496,-0.001492,0.000372,3.4,3.4,3.4
0.000383,0.00228,0.002608,-0.001484,0.000376,3.4,3.4,3.4
0.001923,0.001141,0.001132,-0.000371,0.002238,3.3,3.4,3.4
0.00154,0.001144,-0.00112,0.001887,0.00112,3.4,3.4,3.4
0.002329,0.002274,0.001496,0.000372,0.00115,3.4,3.6,3.6
0.002322,0.00228,0.002608,0.000383,0.000376,3.5,4.2,4.2
0.001948,0.001923,0.001141,0.001132,0.002238,3.6,4.2,4.2
0.002341,0.001144,0.001887,0.00154,0.00112,3.8,4.2,4.2
-0.001169,0.002274,0.001496,0.002329,0.00115,4.2,4.2,4.2
0.000782,0.00228,0.000376,0.002322,0.000383,4.2,3.6,3.6
0.000393,0.001948,0.001141,0.001132,0.001923,3.6,3.6,3.6
-0.013863,0.002341,0.001144,0.001887,0.00154,7.1,7.1,7.1
-0.011194,-0.001169,0.002329,0.00115,0.002274,7.1,3.5,3.5
-0.017689,0.000782,0.00228,0.002322,0.000383,4.8,4.8,4.8